number,name,email
0,Gayle Hartsfield,Gayle_Hartsfield@gmail.com
1,Heather Lang,Heather_Lang@gmail.com
2,Cindy Hendrickson,Cindy_Hendrickson@gmail.com
3,Tricia Spataro,Tricia_Spataro@gmail.com
4,William Mccarthy,William_Mccarthy@gmail.com
5,Angie Bordelon,Angie_Bordelon@gmail.com
6,Joseph Bish,Joseph_Bish@gmail.com
7,Martin Roosevelt,Martin_Roosevelt@gmail.com
8,Robert Ayers,Robert_Ayers@gmail.com
9,David Beck,David_Beck@gmail.com
10,Kimberlee Daniels,Kimberlee_Daniels@gmail.com
11,Adam Obrien,Adam_Obrien@gmail.com
12,Robert Henderson,Robert_Henderson@gmail.com
13,Robert Mcnamara,Robert_Mcnamara@gmail.com
14,Rosemary Lee,Rosemary_Lee@gmail.com
15,Nadia Lankford,Nadia_Lankford@gmail.com
16,Christine Stclair,Christine_Stclair@gmail.com
17,Alice Fulmer,Alice_Fulmer@gmail.com
18,Maria Evetts,Maria_Evetts@gmail.com
19,Karen Carder,Karen_Carder@gmail.com
20,Lawrence Parrott,Lawrence_Parrott@gmail.com
21,Monica Sturdivant,Monica_Sturdivant@gmail.com
22,Jose Akers,Jose_Akers@gmail.com
23,Robert Floyd,Robert_Floyd@gmail.com
24,Debra Mier,Debra_Mier@gmail.com
25,Rosa Hatfield,Rosa_Hatfield@gmail.com
26,Helen Adkison,Helen_Adkison@gmail.com
27,Kathryn Holder,Kathryn_Holder@gmail.com
28,Kim Carpenter,Kim_Carpenter@gmail.com
29,Joanna Gheen,Joanna_Gheen@gmail.com
30,Basil Rice,Basil_Rice@gmail.com
31,Lucy Hicks,Lucy_Hicks@gmail.com
32,Daniel Debem,Daniel_Debem@gmail.com
33,Alicia Traylor,Alicia_Traylor@gmail.com
34,Susan Briggs,Susan_Briggs@gmail.com
35,Charles Bryant,Charles_Bryant@gmail.com
36,Ronald Cunningham,Ronald_Cunningham@gmail.com
37,Melody Noble,Melody_Noble@gmail.com
38,Tricia Eubanks,Tricia_Eubanks@gmail.com
39,Kathryn Cushenberry,Kathryn_Cushenberry@gmail.com
40,Beatrice Russell,Beatrice_Russell@gmail.com
41,Christopher Henry,Christopher_Henry@gmail.com
42,Shirley Villegas,Shirley_Villegas@gmail.com
43,Constance Spain,Constance_Spain@gmail.com
44,Irene Valentine,Irene_Valentine@gmail.com
45,Sonny Smith,Sonny_Smith@gmail.com
46,Grace Scanlan,Grace_Scanlan@gmail.com
47,Mary Fleming,Mary_Fleming@gmail.com
48,Harold Forshey,Harold_Forshey@gmail.com
49,Lawrence Robinson,Lawrence_Robinson@gmail.com
50,Hisako Leven,Hisako_Leven@gmail.com
51,Danny Hearns,Danny_Hearns@gmail.com
52,Adelia Mackey,Adelia_Mackey@gmail.com
53,Jarrod Briggs,Jarrod_Briggs@gmail.com
54,John Fairhurst,John_Fairhurst@gmail.com
55,Aaron Millay,Aaron_Millay@gmail.com
56,Walter Dooley,Walter_Dooley@gmail.com
57,Maria Blevins,Maria_Blevins@gmail.com
58,Jose Schmidt,Jose_Schmidt@gmail.com
59,Mark Cotton,Mark_Cotton@gmail.com
60,Earl Parrish,Earl_Parrish@gmail.com
61,Norma Pace,Norma_Pace@gmail.com
62,Adrian Anderson,Adrian_Anderson@gmail.com
63,Erica Castleman,Erica_Castleman@gmail.com
64,Cara Gardner,Cara_Gardner@gmail.com
65,Genevieve Velasquez,Genevieve_Velasquez@gmail.com
66,Bernice Page,Bernice_Page@gmail.com
67,Mark Mccluskey,Mark_Mccluskey@gmail.com
68,Trey Gallusser,Trey_Gallusser@gmail.com
69,David Mitchell,David_Mitchell@gmail.com
70,Glenn James,Glenn_James@gmail.com
71,Laverne Faines,Laverne_Faines@gmail.com
72,Debbie Lederer,Debbie_Lederer@gmail.com
73,Mary Ferrell,Mary_Ferrell@gmail.com
74,Francine Woodcock,Francine_Woodcock@gmail.com
75,Wilma Wilson,Wilma_Wilson@gmail.com
76,Robert Jenkins,Robert_Jenkins@gmail.com
77,Jo Rutherford,Jo_Rutherford@gmail.com
78,Willie Fair,Willie_Fair@gmail.com
79,Laura Hill,Laura_Hill@gmail.com
80,Willie Hillis,Willie_Hillis@gmail.com
81,Angie Harmon,Angie_Harmon@gmail.com
82,Kenneth Hoskins,Kenneth_Hoskins@gmail.com
83,Richard Trevino,Richard_Trevino@gmail.com
84,Jordan Bailey,Jordan_Bailey@gmail.com
85,Rita Seymour,Rita_Seymour@gmail.com
86,Marsha Toddy,Marsha_Toddy@gmail.com
87,Gregory Parish,Gregory_Parish@gmail.com
88,Karl Guthrie,Karl_Guthrie@gmail.com
89,Daniel Story,Daniel_Story@gmail.com
90,Michael Mendoza,Michael_Mendoza@gmail.com
91,Garrett Casillas,Garrett_Casillas@gmail.com
92,Lynn Monroe,Lynn_Monroe@gmail.com
93,Gerald Beach,Gerald_Beach@gmail.com
94,Ben Limon,Ben_Limon@gmail.com
95,Carmen Grogan,Carmen_Grogan@gmail.com
96,Faith Galiano,Faith_Galiano@gmail.com
97,Kevin Morris,Kevin_Morris@gmail.com
98,Cynthia Miller,Cynthia_Miller@gmail.com
99,Donald Spencer,Donald_Spencer@gmail.com
