name,email,date,phone,gender,salary
Abel Williams,Abel_Williams@yahoo.com,2022-02-11 22:28:36.205600,+858(026)-5289-1829,Male,15640
Abigail Turkus,Abigail_Turkus@yahoo.com,2009-02-11 22:28:36.195600,+868(827)-2029-5111,Female,78750
Abraham Torgerson,Abraham_Torgerson@yahoo.com,2022-02-11 22:28:36.205600,+982(055)-8632-4269,Male,19715
Adam Bake,Adam_Bake@yahoo.com,2022-02-11 22:28:36.205600,+907(911)-8655-2710,Female,30546
Adam Lazo,Adam_Lazo@yahoo.com,2022-02-11 22:28:36.205600,+806(965)-4311-6913,Male,61541
Adrian Maass,Adrian_Maass@yahoo.com,1996-02-11 22:28:36.194600,+341(722)-6135-1578,Male,39543
Adrienne Perez,Adrienne_Perez@yahoo.com,1997-02-11 22:28:36.193600,+614(572)-2765-0625,Male,37538
Agnes Dampier,Agnes_Dampier@yahoo.com,2008-02-11 22:28:36.195600,+26(180)-5366-4852,Male,6091
Aida Wilson,Aida_Wilson@yahoo.com,2012-02-11 22:28:36.197600,+578(389)-6058-5374,Female,48781
Albert Shaffer,Albert_Shaffer@yahoo.com,1984-02-11 22:28:36.192600,+211(590)-8223-6537,Male,35634
Alberto Milburn,Alberto_Milburn@yahoo.com,2020-02-11 22:28:36.200600,+221(520)-6855-1390,Female,83760
Alene Wright,Alene_Wright@yahoo.com,2022-02-11 22:28:36.205600,+248(274)-1273-2572,Female,17568
Alex Davis,Alex_Davis@yahoo.com,1997-02-11 22:28:36.194600,+838(884)-3170-2385,Female,8340
Alex Ventura,Alex_Ventura@yahoo.com,2022-02-11 22:28:36.205600,+26(565)-5024-9947,Female,1814
Alexis Boggs,Alexis_Boggs@yahoo.com,2022-02-11 22:28:36.205600,+6(948)-3005-1118,Male,1320
Alfonso Boyer,Alfonso_Boyer@yahoo.com,2022-02-11 22:28:36.205600,+719(543)-2535-4397,Male,33605
Alice Blaydes,Alice_Blaydes@yahoo.com,2022-02-11 22:28:36.205600,+164(202)-5696-1678,Female,39302
Alice Martinez,Alice_Martinez@yahoo.com,2022-02-11 22:28:36.205600,+564(272)-3287-0485,Male,68066
Alice Naylor,Alice_Naylor@yahoo.com,2004-02-11 22:28:36.196600,+830(684)-1082-7604,Male,83833
Alice Stacey,Alice_Stacey@yahoo.com,2022-02-11 22:28:36.205600,+497(425)-0244-5317,Male,68840
Alicia Schaffer,Alicia_Schaffer@yahoo.com,2022-02-11 22:28:36.205600,+238(370)-2940-8358,Male,9469
Alisa Fauntleroy,Alisa_Fauntleroy@yahoo.com,2022-02-11 22:28:36.205600,+447(068)-1940-0629,Male,54397
Alisha Brown,Alisha_Brown@yahoo.com,2011-02-11 22:28:36.198600,+649(307)-0317-1043,Male,30667
Alta Lizaola,Alta_Lizaola@yahoo.com,2011-02-11 22:28:36.199600,+628(155)-8340-7098,Female,19113
Alyssa Sanders,Alyssa_Sanders@yahoo.com,2022-02-11 22:28:36.205600,+751(140)-8266-1524,Male,30215
Amanda Richardson,Amanda_Richardson@yahoo.com,2022-02-11 22:28:36.205600,+745(729)-1357-6229,Female,29729
Amelia Reid,Amelia_Reid@yahoo.com,2022-02-11 22:28:36.205600,+602(583)-2805-3146,Male,66996
Amy Demateo,Amy_Demateo@yahoo.com,2012-02-11 22:28:36.198600,+442(818)-7589-6986,Male,7445
Amy York,Amy_York@yahoo.com,1994-02-11 22:28:36.193600,+645(466)-1946-1382,Female,4154
Andrea Cooper,Andrea_Cooper@yahoo.com,2022-02-11 22:28:36.206600,+343(108)-4737-5828,Female,87947
Andres Gettinger,Andres_Gettinger@yahoo.com,2005-02-11 22:28:36.195600,+346(698)-8857-4091,Male,99821
Andrew Connor,Andrew_Connor@yahoo.com,2022-02-11 22:28:36.206600,+254(489)-0257-7043,Female,94357
Andrew Groves,Andrew_Groves@yahoo.com,2021-02-11 22:28:36.199600,+63(589)-7986-9576,Female,59851
Andrew Marquez,Andrew_Marquez@yahoo.com,2022-02-11 22:28:36.206600,+644(992)-9110-9832,Male,9985
Andrew Sweigart,Andrew_Sweigart@yahoo.com,2001-02-11 22:28:36.195600,+549(638)-4327-7127,Male,66727
Andrew Zuber,Andrew_Zuber@yahoo.com,2022-02-11 22:28:36.206600,+535(596)-3241-6247,Female,44282
Angel Harrison,Angel_Harrison@yahoo.com,2022-02-11 22:28:36.206600,+972(293)-1449-4946,Female,70850
Angela Linville,Angela_Linville@yahoo.com,2006-02-11 22:28:36.197600,+458(796)-7729-5287,Female,80272
Angela Robinson,Angela_Robinson@yahoo.com,2016-02-11 22:28:36.197600,+462(349)-3120-0480,Male,8177
Ann Clark,Ann_Clark@yahoo.com,2005-02-11 22:28:36.195600,+455(783)-1650-6686,Male,88479
Ann Reed,Ann_Reed@yahoo.com,2012-02-11 22:28:36.200600,+580(374)-0182-6095,Male,48091
Anna Adair,Anna_Adair@yahoo.com,2001-02-11 22:28:36.195600,+309(307)-6148-4541,Female,34394
Anna Clay,Anna_Clay@yahoo.com,2022-02-11 22:28:36.206600,+657(142)-8591-3786,Male,1930
Anna Martin,Anna_Martin@yahoo.com,2022-02-11 22:28:36.206600,+701(602)-0018-3639,Male,76410
Anna Shreve,Anna_Shreve@yahoo.com,2022-02-11 22:28:36.206600,+814(172)-5587-0400,Male,43520
Annemarie Dowling,Annemarie_Dowling@yahoo.com,2017-02-11 22:28:36.199600,+186(907)-4070-8700,Male,25396
Annette Lopez,Annette_Lopez@yahoo.com,2022-02-11 22:28:36.206600,+99(708)-9765-4704,Male,19626
Annie Garrison,Annie_Garrison@yahoo.com,2022-02-11 22:28:36.206600,+146(275)-2498-1097,Female,39359
Anthony Bloodworth,Anthony_Bloodworth@yahoo.com,2022-02-11 22:28:36.206600,+150(331)-1583-9985,Male,55400
Anthony Chaney,Anthony_Chaney@yahoo.com,2022-02-11 22:28:36.206600,+257(693)-1101-9706,Female,6612
Anthony Deponte,Anthony_Deponte@yahoo.com,1997-02-11 22:28:36.193600,+377(676)-6907-4882,Male,41134
Anthony Hiller,Anthony_Hiller@yahoo.com,2003-02-11 22:28:36.196600,+259(705)-6984-6697,Male,1048
Anthony Jordan,Anthony_Jordan@yahoo.com,2022-02-11 22:28:36.206600,+534(232)-6090-0041,Male,17030
Anthony Ooten,Anthony_Ooten@yahoo.com,2022-02-11 22:28:36.206600,+730(540)-9525-6521,Female,41864
Antonio Bottoms,Antonio_Bottoms@yahoo.com,2011-02-11 22:28:36.199600,+321(908)-4635-5405,Male,57538
Antonio Strunk,Antonio_Strunk@yahoo.com,2022-02-11 22:28:36.206600,+378(368)-5393-8287,Male,86617
Arla Dudley,Arla_Dudley@yahoo.com,2019-02-11 22:28:36.198600,+184(269)-4225-1280,Female,76397
Arthur Paider,Arthur_Paider@yahoo.com,2022-02-11 22:28:36.206600,+315(399)-9233-9494,Male,49318
Ashley Hullinger,Ashley_Hullinger@yahoo.com,2022-02-11 22:28:36.206600,+652(177)-0770-2611,Male,71275
Austin Norton,Austin_Norton@yahoo.com,2022-02-11 22:28:36.206600,+179(545)-3661-2445,Male,26534
Barbara Dunston,Barbara_Dunston@yahoo.com,2022-02-11 22:28:36.206600,+643(667)-1412-7496,Female,24551
Barbara Gomez,Barbara_Gomez@yahoo.com,2022-02-11 22:28:36.206600,+158(153)-6755-7064,Male,30781
Barbara Isom,Barbara_Isom@yahoo.com,2018-02-11 22:28:36.197600,+183(157)-8754-0285,Male,39920
Barbara Mays,Barbara_Mays@yahoo.com,2022-02-11 22:28:36.206600,+776(944)-1655-4562,Male,80393
Barbara Poland,Barbara_Poland@yahoo.com,2022-02-11 22:28:36.206600,+976(996)-5146-8325,Male,88315
Barbara Rifenbark,Barbara_Rifenbark@yahoo.com,2019-02-11 22:28:36.200600,+465(730)-7553-4536,Female,52011
Barbara Riley,Barbara_Riley@yahoo.com,1994-02-11 22:28:36.194600,+198(647)-7390-0159,Male,50548
Barry Higgins,Barry_Higgins@yahoo.com,2022-02-11 22:28:36.206600,+629(598)-3589-0489,Female,6475
Barry Pelcher,Barry_Pelcher@yahoo.com,2022-02-11 22:28:36.206600,+987(845)-9728-3763,Male,21142
Barton Wick,Barton_Wick@yahoo.com,2004-02-11 22:28:36.196600,+395(855)-8370-3856,Male,18963
Beatrice Hart,Beatrice_Hart@yahoo.com,1991-02-11 22:28:36.194600,+465(371)-7605-3445,Female,62711
Beatrice James,Beatrice_James@yahoo.com,2022-02-11 22:28:36.207600,+649(196)-7508-0688,Male,15628
Beatrice Ortez,Beatrice_Ortez@yahoo.com,2022-02-11 22:28:36.207600,+241(876)-6699-9117,Male,61064
Becky Stevens,Becky_Stevens@yahoo.com,2022-02-11 22:28:36.207600,+516(043)-0829-6069,Female,8580
Belinda Pearman,Belinda_Pearman@yahoo.com,2019-02-11 22:28:36.198600,+401(122)-8794-2185,Male,40387
Belinda Rodriguez,Belinda_Rodriguez@yahoo.com,2022-02-11 22:28:36.207600,+219(190)-8991-5784,Female,51033
Benito Poole,Benito_Poole@yahoo.com,2022-02-11 22:28:36.207600,+900(135)-8209-3596,Male,2829
Benjamin Fischer,Benjamin_Fischer@yahoo.com,2022-02-11 22:28:36.207600,+154(175)-8071-5019,Male,16844
Bernadine Booth,Bernadine_Booth@yahoo.com,2022-02-11 22:28:36.207600,+344(009)-4949-0581,Female,76469
Bernice Mckee,Bernice_Mckee@yahoo.com,2022-02-11 22:28:36.207600,+340(328)-5830-3897,Male,72992
Bertha Atchley,Bertha_Atchley@yahoo.com,2022-02-11 22:28:36.207600,+349(980)-2410-1497,Male,74005
Beryl Ervin,Beryl_Ervin@yahoo.com,2022-02-11 22:28:36.207600,+570(416)-3321-1291,Male,90041
Betty Beaupre,Betty_Beaupre@yahoo.com,1989-02-11 22:28:36.192600,+886(118)-1509-4254,Female,80745
Betty Clausen,Betty_Clausen@yahoo.com,2022-02-11 22:28:36.207600,+381(083)-6305-6121,Female,36661
Betty Headley,Betty_Headley@yahoo.com,2022-02-11 22:28:36.207600,+985(468)-5282-1898,Female,87766
Beulah Figueroa,Beulah_Figueroa@yahoo.com,2022-02-11 22:28:36.207600,+550(479)-5410-2335,Male,27526
Beverly Pray,Beverly_Pray@yahoo.com,1990-02-11 22:28:36.192600,+360(058)-2379-3016,Female,59832
Beverly Stark,Beverly_Stark@yahoo.com,2007-02-11 22:28:36.195600,+567(886)-7373-4045,Male,60578
Billie Tomlinson,Billie_Tomlinson@yahoo.com,2004-02-11 22:28:36.196600,+78(213)-9314-2365,Male,39536
Billy Pendry,Billy_Pendry@yahoo.com,2022-02-11 22:28:36.207600,+732(574)-8518-6941,Female,60605
Blanche Roy,Blanche_Roy@yahoo.com,2022-02-11 22:28:36.207600,+980(793)-3383-5368,Male,93656
Bobbi Serrell,Bobbi_Serrell@yahoo.com,2022-02-11 22:28:36.207600,+698(891)-1537-4495,Female,15668
Bobby Hastings,Bobby_Hastings@yahoo.com,2022-02-11 22:28:36.207600,+376(507)-1173-3825,Female,54786
Brenda Brund,Brenda_Brund@yahoo.com,2022-02-11 22:28:36.207600,+949(461)-5167-4679,Male,27515
Brenda Campbell,Brenda_Campbell@yahoo.com,2022-02-11 22:28:36.207600,+695(569)-3565-4189,Male,85615
Brenda Nava,Brenda_Nava@yahoo.com,2022-02-11 22:28:36.207600,+929(966)-1789-9377,Female,49212
Brenda Praino,Brenda_Praino@yahoo.com,2002-02-11 22:28:36.194600,+535(911)-5322-9809,Female,93930
Brent Herrington,Brent_Herrington@yahoo.com,2022-02-11 22:28:36.207600,+700(437)-4498-9177,Female,36715
Brent Smith,Brent_Smith@yahoo.com,2022-02-11 22:28:36.207600,+590(682)-1399-1215,Male,58434
Brian Smith,Brian_Smith@yahoo.com,1980-02-11 22:28:36.193600,+2(525)-7004-8401,Female,9022
Brian Stevens,Brian_Stevens@yahoo.com,2022-02-11 22:28:36.207600,+944(123)-8969-3179,Female,33393
Bruce Witmer,Bruce_Witmer@yahoo.com,2022-02-11 22:28:36.207600,+925(343)-1101-1559,Female,41837
Bryan Mcnabb,Bryan_Mcnabb@yahoo.com,1998-02-11 22:28:36.193600,+879(115)-9512-4471,Female,48252
Buddy Peterson,Buddy_Peterson@yahoo.com,2019-02-11 22:28:36.199600,+871(633)-3997-8483,Female,10482
Calvin Hadiaris,Calvin_Hadiaris@yahoo.com,2022-02-11 22:28:36.207600,+501(699)-6898-1097,Female,67078
Candelaria Pittman,Candelaria_Pittman@yahoo.com,2019-02-11 22:28:36.199600,+208(661)-1012-4833,Female,69189
Caren Kish,Caren_Kish@yahoo.com,1990-02-11 22:28:36.192600,+561(722)-4387-3292,Male,30172
Carl Allen,Carl_Allen@yahoo.com,2022-02-11 22:28:36.207600,+175(546)-5202-0243,Male,2575
Carl Brand,Carl_Brand@yahoo.com,2022-02-11 22:28:36.207600,+582(615)-8041-4868,Female,41867
Carla Lear,Carla_Lear@yahoo.com,2022-02-11 22:28:36.207600,+187(613)-3211-7209,Male,27004
Carlos Dilks,Carlos_Dilks@yahoo.com,2022-02-11 22:28:36.207600,+742(977)-5658-3378,Male,72196
Carlos George,Carlos_George@yahoo.com,2005-02-11 22:28:36.197600,+863(651)-5463-4286,Female,83898
Carlos Stiff,Carlos_Stiff@yahoo.com,2022-02-11 22:28:36.207600,+696(889)-0491-3303,Male,74727
Carlos Warden,Carlos_Warden@yahoo.com,2022-02-11 22:28:36.208600,+413(481)-1718-7580,Male,59502
Carol Haislip,Carol_Haislip@yahoo.com,2022-02-11 22:28:36.208600,+450(905)-9797-4922,Female,55787
Carol Leversee,Carol_Leversee@yahoo.com,2021-02-11 22:28:36.199600,+916(193)-7166-3409,Male,60055
Caroline Rogers,Caroline_Rogers@yahoo.com,2020-02-11 22:28:36.200600,+805(150)-8801-7628,Male,47946
Caroline Wagstaff,Caroline_Wagstaff@yahoo.com,1991-02-11 22:28:36.194600,+233(537)-0135-1077,Female,61575
Carolyn Allen,Carolyn_Allen@yahoo.com,2022-02-11 22:28:36.208600,+78(390)-5371-8939,Male,82834
Carolyn Darling,Carolyn_Darling@yahoo.com,2002-02-11 22:28:36.196600,+821(866)-7172-2540,Female,29079
Carrie Banda,Carrie_Banda@yahoo.com,2003-02-11 22:28:36.196600,+162(335)-0490-1408,Female,3054
Carrie Masri,Carrie_Masri@yahoo.com,2022-02-11 22:28:36.208600,+261(139)-2635-5030,Female,61825
Cassandra Clarence,Cassandra_Clarence@yahoo.com,2022-02-11 22:28:36.208600,+696(831)-5438-2198,Female,85970
Catharine Mintz,Catharine_Mintz@yahoo.com,2022-02-11 22:28:36.208600,+538(902)-3044-0183,Female,31108
Catherine Bancroft,Catherine_Bancroft@yahoo.com,2022-02-11 22:28:36.208600,+341(443)-1289-0413,Female,61418
Cathleen Spurlin,Cathleen_Spurlin@yahoo.com,2010-02-11 22:28:36.195600,+309(512)-4107-7459,Male,44209
Cathy Byler,Cathy_Byler@yahoo.com,2022-02-11 22:28:36.208600,+11(963)-0527-3451,Female,41229
Cathy Charlie,Cathy_Charlie@yahoo.com,2022-02-11 22:28:36.208600,+227(762)-2364-1534,Male,87329
Charles Charles,Charles_Charles@yahoo.com,2013-02-11 22:28:36.197600,+208(351)-0817-4842,Male,83013
Charles Ciccone,Charles_Ciccone@yahoo.com,2022-02-11 22:28:36.208600,+576(165)-7263-5482,Female,71268
Charles Fuqua,Charles_Fuqua@yahoo.com,2022-02-11 22:28:36.208600,+91(280)-2868-5314,Male,59934
Charles Johnson,Charles_Johnson@yahoo.com,2022-02-11 22:28:36.208600,+794(905)-4496-6497,Female,61935
Charles Mcbee,Charles_Mcbee@yahoo.com,1999-02-11 22:28:36.194600,+753(442)-9734-1788,Male,38603
Charles Perez,Charles_Perez@yahoo.com,1999-02-11 22:28:36.194600,+916(453)-2614-6375,Female,70000
Charles Schellermann,Charles_Schellermann@yahoo.com,2017-02-11 22:28:36.198600,+489(878)-1642-6624,Male,69553
Charles Skinner,Charles_Skinner@yahoo.com,2022-02-11 22:28:36.208600,+638(641)-6704-9116,Female,77601
Charles Sullivan,Charles_Sullivan@yahoo.com,2021-02-11 22:28:36.199600,+349(125)-6340-8981,Female,14649
Charlie Serra,Charlie_Serra@yahoo.com,2022-02-11 22:28:36.208600,+469(197)-7203-1342,Female,52664
Charlotte Elmore,Charlotte_Elmore@yahoo.com,2020-02-11 22:28:36.198600,+805(678)-6600-3562,Male,17955
Cheri Boggs,Cheri_Boggs@yahoo.com,2022-02-11 22:28:36.208600,+759(085)-7994-3588,Female,5032
Cheryl Byrd,Cheryl_Byrd@yahoo.com,1995-02-11 22:28:36.193600,+61(021)-4359-5901,Female,95299
Cheryl Dwaileebe,Cheryl_Dwaileebe@yahoo.com,2003-02-11 22:28:36.196600,+378(496)-9429-9876,Male,70628
Cheryl Landers,Cheryl_Landers@yahoo.com,2022-02-11 22:28:36.208600,+213(711)-3827-3785,Male,38555
Cheryl Swaney,Cheryl_Swaney@yahoo.com,2022-02-11 22:28:36.208600,+965(366)-5275-3894,Female,31318
Christina Richards,Christina_Richards@yahoo.com,2022-02-11 22:28:36.208600,+905(291)-2995-4878,Female,70514
Christine Alexander,Christine_Alexander@yahoo.com,2022-02-11 22:28:36.208600,+29(554)-5521-7720,Female,23262
Christopher Bodine,Christopher_Bodine@yahoo.com,2022-02-11 22:28:36.208600,+213(231)-2936-9013,Female,85228
Christopher Hines,Christopher_Hines@yahoo.com,2006-02-11 22:28:36.195600,+16(956)-7741-7026,Female,26857
Christopher Jett,Christopher_Jett@yahoo.com,2022-02-11 22:28:36.209600,+903(390)-0614-5736,Male,14753
Christopher Miyashiro,Christopher_Miyashiro@yahoo.com,2022-02-11 22:28:36.209600,+997(987)-5183-0843,Female,10432
Christopher Pollard,Christopher_Pollard@yahoo.com,1999-02-11 22:28:36.193600,+496(581)-1826-7774,Male,10060
Christopher Richard,Christopher_Richard@yahoo.com,2008-02-11 22:28:36.195600,+786(736)-5764-3826,Male,47783
Christopher Scott,Christopher_Scott@yahoo.com,2010-02-11 22:28:36.196600,+477(192)-0864-4150,Male,48088
Christopher Watson,Christopher_Watson@yahoo.com,2022-02-11 22:28:36.209600,+77(215)-7464-5011,Male,33160
Christy Holland,Christy_Holland@yahoo.com,2022-02-11 22:28:36.209600,+143(299)-5583-7489,Male,13107
Christy James,Christy_James@yahoo.com,2022-02-11 22:28:36.209600,+683(078)-8395-9783,Female,61944
Cindy Whited,Cindy_Whited@yahoo.com,2022-02-11 22:28:36.209600,+681(694)-3170-1744,Male,41938
Clara Gonzales,Clara_Gonzales@yahoo.com,2019-02-11 22:28:36.200600,+705(187)-1767-7570,Male,87497
Clara Harris,Clara_Harris@yahoo.com,2022-02-11 22:28:36.209600,+895(513)-1214-0509,Male,68114
Clara Steele,Clara_Steele@yahoo.com,2018-02-11 22:28:36.198600,+704(291)-8695-1529,Male,30757
Clarence Roberts,Clarence_Roberts@yahoo.com,2001-02-11 22:28:36.196600,+444(389)-8193-9858,Female,33727
Clarissa Sanchez,Clarissa_Sanchez@yahoo.com,2022-02-11 22:28:36.209600,+104(423)-8595-3196,Female,67412
Claudette Cooper,Claudette_Cooper@yahoo.com,2013-02-11 22:28:36.199600,+418(659)-7917-9109,Male,66950
Clayton Dehoyos,Clayton_Dehoyos@yahoo.com,2013-02-11 22:28:36.199600,+317(964)-6730-1419,Male,52029
Clifford Gaston,Clifford_Gaston@yahoo.com,2017-02-11 22:28:36.199600,+709(639)-1411-0489,Female,69725
Clinton Scott,Clinton_Scott@yahoo.com,2008-02-11 22:28:36.197600,+185(497)-0131-2726,Male,81824
Connie Cruz,Connie_Cruz@yahoo.com,2005-02-11 22:28:36.196600,+158(758)-7368-0504,Male,51588
Constance Nash,Constance_Nash@yahoo.com,2003-02-11 22:28:36.196600,+515(397)-1660-6482,Female,19260
Cora Tolliver,Cora_Tolliver@yahoo.com,2022-02-11 22:28:36.209600,+501(819)-9044-8612,Female,90858
Cory Bennett,Cory_Bennett@yahoo.com,2022-02-11 22:28:36.209600,+159(724)-9736-9308,Male,30228
Crystal Niedzwiecki,Crystal_Niedzwiecki@yahoo.com,2022-02-11 22:28:36.209600,+352(068)-2768-7025,Male,97217
Crystal Parker,Crystal_Parker@yahoo.com,2022-02-11 22:28:36.209600,+754(726)-5892-4261,Male,81384
Curtis Azim,Curtis_Azim@yahoo.com,2018-02-11 22:28:36.198600,+725(754)-2174-9041,Male,10637
Curtis Baham,Curtis_Baham@yahoo.com,2005-02-11 22:28:36.197600,+428(617)-4847-0292,Female,95612
Curtis Phillips,Curtis_Phillips@yahoo.com,2022-02-11 22:28:36.209600,+141(767)-2637-0848,Female,82297
Curtis Wisneski,Curtis_Wisneski@yahoo.com,2022-02-11 22:28:36.209600,+963(785)-2507-0123,Male,39150
Cynthia Lewis,Cynthia_Lewis@yahoo.com,2005-02-11 22:28:36.195600,+908(413)-5108-3099,Female,79937
Cynthia Posas,Cynthia_Posas@yahoo.com,1992-02-11 22:28:36.193600,+644(590)-2558-5625,Female,1723
Dale Ferreira,Dale_Ferreira@yahoo.com,2022-02-11 22:28:36.209600,+232(491)-6180-9643,Female,5102
Damion Barnes,Damion_Barnes@yahoo.com,2022-02-11 22:28:36.209600,+290(740)-1009-8240,Female,99986
Dan Oneill,Dan_Oneill@yahoo.com,2022-02-11 22:28:36.209600,+374(926)-9910-1263,Female,60871
Dan Salazar,Dan_Salazar@yahoo.com,2022-02-11 22:28:36.209600,+278(132)-3898-0571,Female,10785
Dana Robinson,Dana_Robinson@yahoo.com,2022-02-11 22:28:36.209600,+971(938)-8194-9091,Male,9391
Daniel Lassiter,Daniel_Lassiter@yahoo.com,2022-02-11 22:28:36.209600,+182(909)-5667-1975,Male,50522
Daniel Madigan,Daniel_Madigan@yahoo.com,2022-02-11 22:28:36.209600,+786(946)-6317-3510,Female,30835
Daniel Ryan,Daniel_Ryan@yahoo.com,1991-02-11 22:28:36.194600,+759(911)-9106-2425,Female,79295
Daniel Vinson,Daniel_Vinson@yahoo.com,2022-02-11 22:28:36.210600,+609(232)-2677-2209,Female,9973
Danielle Rodriguez,Danielle_Rodriguez@yahoo.com,2022-02-11 22:28:36.210600,+498(011)-9431-2376,Female,91413
Danny Guevarra,Danny_Guevarra@yahoo.com,2022-02-11 22:28:36.210600,+717(956)-7635-9303,Male,7412
Danny Varella,Danny_Varella@yahoo.com,2022-02-11 22:28:36.210600,+210(557)-0133-1396,Female,76466
Danyelle Segura,Danyelle_Segura@yahoo.com,2018-02-11 22:28:36.197600,+533(796)-9217-8935,Female,57824
Darcy Massa,Darcy_Massa@yahoo.com,2022-02-11 22:28:36.210600,+397(095)-4476-1734,Female,83206
Darlene Wilson,Darlene_Wilson@yahoo.com,2004-02-11 22:28:36.194600,+468(319)-1196-2358,Female,59238
Darren Madrid,Darren_Madrid@yahoo.com,2006-02-11 22:28:36.195600,+139(808)-7784-6329,Male,8810
Daryl Burgess,Daryl_Burgess@yahoo.com,2022-02-11 22:28:36.210600,+781(657)-2210-6098,Female,51269
Daryl Dickson,Daryl_Dickson@yahoo.com,2022-02-11 22:28:36.210600,+305(041)-0964-4710,Male,11544
David Castillo,David_Castillo@yahoo.com,2001-02-11 22:28:36.195600,+298(310)-1778-8400,Female,83020
David Conner,David_Conner@yahoo.com,2014-02-11 22:28:36.198600,+425(419)-2365-2117,Male,81222
David Diss,David_Diss@yahoo.com,2022-02-11 22:28:36.210600,+306(133)-0097-3573,Female,74619
David Henderson,David_Henderson@yahoo.com,2004-02-11 22:28:36.195600,+874(779)-4982-9236,Female,64799
David Maestas,David_Maestas@yahoo.com,2022-02-11 22:28:36.210600,+916(563)-3263-4069,Female,53750
David Maher,David_Maher@yahoo.com,1980-02-11 22:28:36.192600,+289(628)-3919-0021,Female,26736
David Moran,David_Moran@yahoo.com,2022-02-11 22:28:36.210600,+942(932)-5651-4025,Male,54204
David Morton,David_Morton@yahoo.com,2022-02-11 22:28:36.210600,+145(628)-7692-4096,Female,43252
David Olivas,David_Olivas@yahoo.com,2009-02-11 22:28:36.197600,+774(373)-0217-7233,Female,22348
David Phinney,David_Phinney@yahoo.com,2022-02-11 22:28:36.210600,+996(343)-8838-0950,Female,14683
David Ries,David_Ries@yahoo.com,1980-02-11 22:28:36.192600,+986(017)-0147-8002,Male,49050
David Rodriquez,David_Rodriquez@yahoo.com,2022-02-11 22:28:36.210600,+203(502)-6535-8983,Male,19507
David Sanchez,David_Sanchez@yahoo.com,2022-02-11 22:28:36.210600,+580(148)-0392-8378,Male,36390
David Stewart,David_Stewart@yahoo.com,2007-02-11 22:28:36.195600,+75(775)-2888-0527,Male,43146
David Thier,David_Thier@yahoo.com,2016-02-11 22:28:36.197600,+582(709)-1457-0565,Female,36163
Deandre Stoner,Deandre_Stoner@yahoo.com,2021-02-11 22:28:36.197600,+384(224)-6903-8207,Female,68731
Debbie Person,Debbie_Person@yahoo.com,2015-02-11 22:28:36.197600,+51(478)-0810-4793,Female,50702
Debbie Tharp,Debbie_Tharp@yahoo.com,1999-02-11 22:28:36.194600,+398(022)-7136-3626,Female,63683
Debbie Young,Debbie_Young@yahoo.com,2022-02-11 22:28:36.210600,+505(521)-2513-5742,Male,74562
Deborah Bader,Deborah_Bader@yahoo.com,2022-02-11 22:28:36.210600,+586(201)-7008-6860,Female,3246
Deborah Simon,Deborah_Simon@yahoo.com,2022-02-11 22:28:36.210600,+398(993)-1431-8131,Male,77426
Debra Mayes,Debra_Mayes@yahoo.com,2005-02-11 22:28:36.195600,+206(387)-6280-1895,Female,88745
Demetrius Phillips,Demetrius_Phillips@yahoo.com,1996-02-11 22:28:36.193600,+204(728)-3992-5840,Male,44527
Denise Vaughn,Denise_Vaughn@yahoo.com,2005-02-11 22:28:36.196600,+571(625)-0118-0904,Female,47606
Dennis Dixon,Dennis_Dixon@yahoo.com,1996-02-11 22:28:36.194600,+664(560)-5211-5702,Female,89230
Dennis Robinson,Dennis_Robinson@yahoo.com,2022-02-11 22:28:36.210600,+451(516)-9155-2339,Female,71483
Derek Owens,Derek_Owens@yahoo.com,2022-02-11 22:28:36.210600,+125(407)-1095-6933,Female,74297
Derrick Mulvey,Derrick_Mulvey@yahoo.com,2019-02-11 22:28:36.198600,+329(617)-2042-1469,Female,97663
Dexter Taylor,Dexter_Taylor@yahoo.com,2022-02-11 22:28:36.210600,+298(535)-6478-7982,Male,38760
Diana Brown,Diana_Brown@yahoo.com,2018-02-11 22:28:36.197600,+382(382)-3533-5343,Male,20818
Diana Campbell,Diana_Campbell@yahoo.com,2022-02-11 22:28:36.210600,+263(457)-3089-3005,Female,43723
Diane Jacques,Diane_Jacques@yahoo.com,2022-02-11 22:28:36.210600,+598(911)-8807-3738,Male,92621
Diane Moran,Diane_Moran@yahoo.com,2011-02-11 22:28:36.198600,+280(518)-1787-0197,Male,15689
Diann Gonzalez,Diann_Gonzalez@yahoo.com,2022-02-11 22:28:36.210600,+834(203)-1011-9846,Female,58944
Dianne Scott,Dianne_Scott@yahoo.com,2021-02-11 22:28:36.197600,+651(928)-0691-8599,Female,50402
Dina Goering,Dina_Goering@yahoo.com,1983-02-11 22:28:36.192600,+479(594)-6296-4412,Male,69309
Dolores Barry,Dolores_Barry@yahoo.com,2022-02-11 22:28:36.211600,+790(745)-5911-8369,Female,20562
Domenic Nesmith,Domenic_Nesmith@yahoo.com,2022-02-11 22:28:36.211600,+344(409)-5606-7623,Male,49995
Don Ledoux,Don_Ledoux@yahoo.com,2022-02-11 22:28:36.211600,+954(851)-1116-4634,Male,29136
Don Montz,Don_Montz@yahoo.com,2022-02-11 22:28:36.211600,+802(991)-1052-8776,Female,40581
Don Soler,Don_Soler@yahoo.com,2022-02-11 22:28:36.211600,+35(525)-9430-9313,Female,52747
Donald Ansari,Donald_Ansari@yahoo.com,1998-02-11 22:28:36.193600,+795(857)-5378-3585,Male,89325
Donald Cabrera,Donald_Cabrera@yahoo.com,1992-02-11 22:28:36.193600,+898(498)-7904-2002,Female,36434
Donald Gaudet,Donald_Gaudet@yahoo.com,2022-02-11 22:28:36.211600,+535(349)-2853-3272,Female,67969
Donald Homer,Donald_Homer@yahoo.com,2022-02-11 22:28:36.211600,+175(212)-3210-5111,Male,8722
Donald Mcgregor,Donald_Mcgregor@yahoo.com,1997-02-11 22:28:36.193600,+556(350)-8623-3417,Female,59169
Donna Ellis,Donna_Ellis@yahoo.com,2022-02-11 22:28:36.211600,+67(528)-0490-9591,Female,46255
Donna Goff,Donna_Goff@yahoo.com,2022-02-11 22:28:36.211600,+431(935)-7055-0163,Male,75515
Donna Hughes,Donna_Hughes@yahoo.com,2016-02-11 22:28:36.199600,+292(304)-4140-0965,Female,22123
Donnell Fisher,Donnell_Fisher@yahoo.com,1997-02-11 22:28:36.194600,+34(855)-0938-8941,Male,82374
Doris Evans,Doris_Evans@yahoo.com,2022-02-11 22:28:36.211600,+584(356)-5733-6697,Female,78089
Dorothy Carey,Dorothy_Carey@yahoo.com,2022-02-11 22:28:36.211600,+493(653)-3589-5452,Male,89499
Dorothy Eagan,Dorothy_Eagan@yahoo.com,2020-02-11 22:28:36.199600,+128(785)-4961-9370,Male,36373
Dorothy Falk,Dorothy_Falk@yahoo.com,2022-02-11 22:28:36.211600,+232(471)-5273-3801,Male,96697
Dorothy Hiett,Dorothy_Hiett@yahoo.com,2022-02-11 22:28:36.211600,+715(599)-0132-9387,Female,80627
Douglas Lovato,Douglas_Lovato@yahoo.com,2022-02-11 22:28:36.211600,+798(960)-8458-3470,Male,85780
Douglas Rico,Douglas_Rico@yahoo.com,1991-02-11 22:28:36.194600,+195(475)-5346-6942,Male,95336
Dustin Fisher,Dustin_Fisher@yahoo.com,1990-02-11 22:28:36.192600,+599(713)-7887-3036,Female,29088
Earl Parks,Earl_Parks@yahoo.com,1999-02-11 22:28:36.194600,+312(402)-4456-6669,Male,26736
Ebony Reynolds,Ebony_Reynolds@yahoo.com,2022-02-11 22:28:36.211600,+284(515)-3681-8312,Female,95493
Eddie Franklin,Eddie_Franklin@yahoo.com,2022-02-11 22:28:36.211600,+89(032)-7850-9878,Female,71426
Edith Mccrea,Edith_Mccrea@yahoo.com,2009-02-11 22:28:36.197600,+683(289)-7620-0272,Male,83557
Edward Andrews,Edward_Andrews@yahoo.com,2015-02-11 22:28:36.199600,+789(522)-1971-0478,Male,63355
Edwin Smith,Edwin_Smith@yahoo.com,2022-02-11 22:28:36.211600,+460(140)-1886-7353,Female,52894
Eileen Slater,Eileen_Slater@yahoo.com,2022-02-11 22:28:36.211600,+414(782)-7980-6307,Female,22095
Elaine Adams,Elaine_Adams@yahoo.com,2022-02-11 22:28:36.211600,+506(897)-2775-5780,Female,58359
Eleanor Heckard,Eleanor_Heckard@yahoo.com,1994-02-11 22:28:36.194600,+179(978)-8909-1004,Male,93458
Eleanor Howard,Eleanor_Howard@yahoo.com,2004-02-11 22:28:36.195600,+656(763)-0846-9042,Female,22594
Eleanor Willis,Eleanor_Willis@yahoo.com,2022-02-11 22:28:36.211600,+266(664)-4512-4711,Male,69866
Elenora Anderson,Elenora_Anderson@yahoo.com,2009-02-11 22:28:36.196600,+980(357)-0844-1557,Male,26712
Elisabeth Odum,Elisabeth_Odum@yahoo.com,1986-02-11 22:28:36.192600,+88(424)-8585-6806,Male,52636
Elizabeth Blake,Elizabeth_Blake@yahoo.com,2022-02-11 22:28:36.211600,+844(005)-0081-0399,Female,82540
Elizabeth Cloutier,Elizabeth_Cloutier@yahoo.com,2015-02-11 22:28:36.198600,+606(613)-5864-7313,Female,83239
Elizabeth Kauffman,Elizabeth_Kauffman@yahoo.com,1992-02-11 22:28:36.194600,+100(411)-1543-2448,Female,70556
Elizabeth Monsivais,Elizabeth_Monsivais@yahoo.com,2019-02-11 22:28:36.199600,+916(752)-8059-5544,Male,9140
Elizabeth Newman,Elizabeth_Newman@yahoo.com,2005-02-11 22:28:36.195600,+729(425)-8919-2482,Male,91051
Elizabeth Rosenberg,Elizabeth_Rosenberg@yahoo.com,2013-02-11 22:28:36.197600,+45(910)-0845-5876,Female,15994
Elizabeth White,Elizabeth_White@yahoo.com,2022-02-11 22:28:36.212600,+345(638)-3158-9002,Male,33034
Ellen Roberts,Ellen_Roberts@yahoo.com,2013-02-11 22:28:36.199600,+693(471)-3750-3823,Female,17393
Elmer Bono,Elmer_Bono@yahoo.com,1992-02-11 22:28:36.193600,+155(978)-4935-9118,Female,88549
Elsa Williams,Elsa_Williams@yahoo.com,2022-02-11 22:28:36.212600,+787(166)-4928-4779,Female,31341
Elsie Freeman,Elsie_Freeman@yahoo.com,2022-02-11 22:28:36.212600,+713(313)-4940-1226,Male,92822
Elwanda Rutherford,Elwanda_Rutherford@yahoo.com,2022-02-11 22:28:36.212600,+658(149)-5842-5392,Female,40400
Emily Korn,Emily_Korn@yahoo.com,2022-02-11 22:28:36.212600,+980(696)-5265-1811,Male,80411
Emmett Cincotta,Emmett_Cincotta@yahoo.com,2014-02-11 22:28:36.198600,+894(748)-0674-3912,Female,3991
Emory Castaneda,Emory_Castaneda@yahoo.com,2016-02-11 22:28:36.197600,+476(123)-4864-5781,Male,75831
Eric Biggs,Eric_Biggs@yahoo.com,2022-02-11 22:28:36.212600,+392(485)-8527-1809,Male,21224
Eric Foster,Eric_Foster@yahoo.com,2022-02-11 22:28:36.212600,+384(478)-8941-8667,Female,29799
Eric Giddins,Eric_Giddins@yahoo.com,2022-02-11 22:28:36.212600,+907(459)-0154-9496,Female,59466
Erika Burrage,Erika_Burrage@yahoo.com,2022-02-11 22:28:36.212600,+685(882)-0835-7772,Male,4801
Ernie Lilley,Ernie_Lilley@yahoo.com,2009-02-11 22:28:36.197600,+227(580)-3145-9400,Female,88413
Esperanza Kelly,Esperanza_Kelly@yahoo.com,2009-02-11 22:28:36.197600,+256(927)-1093-0883,Male,60981
Esteban Taylor,Esteban_Taylor@yahoo.com,1991-02-11 22:28:36.193600,+205(784)-3722-7661,Female,83840
Esther Wilson,Esther_Wilson@yahoo.com,2010-02-11 22:28:36.194600,+644(940)-4911-1749,Male,7874
Ethel Prewitt,Ethel_Prewitt@yahoo.com,2022-02-11 22:28:36.212600,+986(441)-7367-9441,Female,68667
Eugene Jackson,Eugene_Jackson@yahoo.com,2022-02-11 22:28:36.212600,+966(187)-4403-4359,Female,77487
Eugene Ourada,Eugene_Ourada@yahoo.com,2019-02-11 22:28:36.198600,+414(885)-5978-8519,Male,34029
Eula Mckie,Eula_Mckie@yahoo.com,2022-02-11 22:28:36.212600,+882(092)-2857-7112,Male,54368
Eunice Zamora,Eunice_Zamora@yahoo.com,1999-02-11 22:28:36.193600,+602(307)-2671-6219,Male,88280
Eva Geise,Eva_Geise@yahoo.com,1981-02-11 22:28:36.192600,+332(234)-3514-2558,Male,57536
Eva Moffett,Eva_Moffett@yahoo.com,2022-02-11 22:28:36.212600,+54(448)-7106-6215,Female,17441
Eva Piller,Eva_Piller@yahoo.com,2018-02-11 22:28:36.198600,+202(899)-2356-6104,Male,10614
Evelyn Eaton,Evelyn_Eaton@yahoo.com,2022-02-11 22:28:36.212600,+139(283)-7810-7315,Female,62088
Evelyn Lehman,Evelyn_Lehman@yahoo.com,2014-02-11 22:28:36.199600,+733(622)-7870-1740,Female,73351
Evelyn Sanborn,Evelyn_Sanborn@yahoo.com,1988-02-11 22:28:36.192600,+29(977)-3145-5655,Male,32306
Evelyn Wiley,Evelyn_Wiley@yahoo.com,2011-02-11 22:28:36.200600,+700(780)-6708-6800,Male,45724
Faustino Davis,Faustino_Davis@yahoo.com,2020-02-11 22:28:36.199600,+295(323)-5494-1134,Male,53523
Felicia Smith,Felicia_Smith@yahoo.com,1994-02-11 22:28:36.194600,+723(405)-7782-6372,Female,29865
Floyd Hewitt,Floyd_Hewitt@yahoo.com,1986-02-11 22:28:36.192600,+613(041)-8509-7466,Male,10235
Forest Nova,Forest_Nova@yahoo.com,2009-02-11 22:28:36.195600,+989(128)-7814-4157,Male,21598
Frances Garis,Frances_Garis@yahoo.com,2006-02-11 22:28:36.196600,+893(469)-4755-0900,Female,51893
Frances Johnson,Frances_Johnson@yahoo.com,2022-02-11 22:28:36.212600,+540(426)-2403-2726,Male,60244
Francis Rodriguez,Francis_Rodriguez@yahoo.com,2022-02-11 22:28:36.212600,+44(206)-0633-3114,Female,13518
Francisco Powell,Francisco_Powell@yahoo.com,2008-02-11 22:28:36.196600,+153(194)-6145-4314,Male,12108
Francisco Woomer,Francisco_Woomer@yahoo.com,2022-02-11 22:28:36.212600,+233(357)-7862-3795,Male,28888
Frank Dominguez,Frank_Dominguez@yahoo.com,2022-02-11 22:28:36.212600,+520(437)-2092-6010,Female,24294
Frank Phelan,Frank_Phelan@yahoo.com,2017-02-11 22:28:36.197600,+669(468)-2453-8093,Male,97149
Frank Simpson,Frank_Simpson@yahoo.com,2011-02-11 22:28:36.198600,+415(134)-4068-7636,Female,2367
Fred Quintanilla,Fred_Quintanilla@yahoo.com,2021-02-11 22:28:36.199600,+171(188)-9148-4822,Female,24778
Fred Wilson,Fred_Wilson@yahoo.com,2022-02-11 22:28:36.212600,+389(260)-8105-5172,Female,41129
Frederick Abe,Frederick_Abe@yahoo.com,2022-02-11 22:28:36.212600,+108(112)-9928-6871,Male,86159
Frieda Kavanagh,Frieda_Kavanagh@yahoo.com,2008-02-11 22:28:36.196600,+895(414)-7155-7327,Male,6485
Gail Lee,Gail_Lee@yahoo.com,1998-02-11 22:28:36.193600,+820(618)-9034-2104,Male,70584
Gail Wells,Gail_Wells@yahoo.com,2022-02-11 22:28:36.213600,+452(295)-6036-5413,Female,63006
Garland Jacobs,Garland_Jacobs@yahoo.com,2022-02-11 22:28:36.213600,+169(470)-4518-4779,Female,56691
Garry Walter,Garry_Walter@yahoo.com,2022-02-11 22:28:36.213600,+301(762)-5272-0525,Female,73336
Gayle Gallegos,Gayle_Gallegos@yahoo.com,2021-02-11 22:28:36.198600,+680(775)-2890-6854,Male,27395
Gene Gaither,Gene_Gaither@yahoo.com,2022-02-11 22:28:36.213600,+261(307)-3488-4959,Female,14572
Gene Givens,Gene_Givens@yahoo.com,1990-02-11 22:28:36.192600,+628(997)-0986-1183,Female,64942
George Carter,George_Carter@yahoo.com,2006-02-11 22:28:36.195600,+807(283)-5831-0453,Male,26993
George Combs,George_Combs@yahoo.com,2022-02-11 22:28:36.213600,+877(477)-5886-9079,Female,61561
George Culp,George_Culp@yahoo.com,2017-02-11 22:28:36.199600,+623(811)-5202-9798,Male,23806
George Kenne,George_Kenne@yahoo.com,2022-02-11 22:28:36.213600,+950(913)-4134-7925,Female,92091
George Mcelvaine,George_Mcelvaine@yahoo.com,2022-02-11 22:28:36.213600,+440(246)-2331-7967,Male,66994
George Rivera,George_Rivera@yahoo.com,2022-02-11 22:28:36.213600,+699(519)-1888-7942,Female,76711
George Yandell,George_Yandell@yahoo.com,2010-02-11 22:28:36.197600,+522(075)-4922-7708,Female,66628
Georgia Hernande,Georgia_Hernande@yahoo.com,2022-02-11 22:28:36.213600,+264(182)-3156-2340,Female,12338
Gerald Saxton,Gerald_Saxton@yahoo.com,2020-02-11 22:28:36.197600,+519(847)-1080-2257,Female,73161
Geraldine Lord,Geraldine_Lord@yahoo.com,2013-02-11 22:28:36.199600,+853(164)-5602-5959,Male,87566
Geraldine Works,Geraldine_Works@yahoo.com,2022-02-11 22:28:36.213600,+394(044)-0969-2495,Male,80367
Gerardo Chapman,Gerardo_Chapman@yahoo.com,2022-02-11 22:28:36.213600,+248(443)-3238-6727,Male,33095
Gilbert Singleton,Gilbert_Singleton@yahoo.com,2000-02-11 22:28:36.194600,+292(557)-1216-7151,Female,19242
Glady Ginn,Glady_Ginn@yahoo.com,2004-02-11 22:28:36.195600,+448(171)-0399-8263,Male,52108
Gladys Harper,Gladys_Harper@yahoo.com,2017-02-11 22:28:36.198600,+590(927)-7949-0493,Female,93113
Gladys Perez,Gladys_Perez@yahoo.com,2022-02-11 22:28:36.213600,+714(158)-5649-4335,Female,98547
Glen Ambrose,Glen_Ambrose@yahoo.com,2022-02-11 22:28:36.213600,+470(224)-7309-7761,Female,9191
Glenda Kemper,Glenda_Kemper@yahoo.com,1995-02-11 22:28:36.193600,+808(757)-2471-3555,Male,1185
Glenn Page,Glenn_Page@yahoo.com,2002-02-11 22:28:36.196600,+955(952)-9815-5229,Female,60563
Gloria Strobel,Gloria_Strobel@yahoo.com,2022-02-11 22:28:36.213600,+94(372)-0038-2756,Female,11484
Gloria Swann,Gloria_Swann@yahoo.com,2022-02-11 22:28:36.213600,+40(299)-6665-6608,Male,34512
Gonzalo Adams,Gonzalo_Adams@yahoo.com,2009-02-11 22:28:36.195600,+702(399)-2310-4492,Male,56588
Gordon Mcconnell,Gordon_Mcconnell@yahoo.com,2022-02-11 22:28:36.213600,+595(895)-6803-2775,Female,39322
Grace Clark,Grace_Clark@yahoo.com,2022-02-11 22:28:36.213600,+802(475)-8577-8631,Female,65626
Grace Green,Grace_Green@yahoo.com,2008-02-11 22:28:36.195600,+553(610)-0870-8045,Female,52544
Grace Miller,Grace_Miller@yahoo.com,2006-02-11 22:28:36.195600,+904(206)-7123-7335,Male,23489
Grace Winders,Grace_Winders@yahoo.com,2022-02-11 22:28:36.213600,+498(739)-3554-2880,Female,77737
Grant Bash,Grant_Bash@yahoo.com,2014-02-11 22:28:36.197600,+444(376)-7543-1403,Male,46110
Gregory Breaux,Gregory_Breaux@yahoo.com,2005-02-11 22:28:36.196600,+711(684)-9455-7494,Female,47613
Gregory Rudolph,Gregory_Rudolph@yahoo.com,2022-02-11 22:28:36.213600,+897(093)-6501-8595,Male,3416
Gregory Stevenson,Gregory_Stevenson@yahoo.com,2022-02-11 22:28:36.213600,+613(041)-1672-3122,Male,69340
Guadalupe Wilson,Guadalupe_Wilson@yahoo.com,2022-02-11 22:28:36.213600,+65(615)-3926-8061,Male,44160
Guy Waters,Guy_Waters@yahoo.com,2022-02-11 22:28:36.213600,+720(885)-7789-9057,Female,14692
Gwendolyn Kelly,Gwendolyn_Kelly@yahoo.com,2010-02-11 22:28:36.196600,+687(781)-8908-6337,Female,77174
Hannah Holt,Hannah_Holt@yahoo.com,2022-02-11 22:28:36.213600,+937(366)-7428-9277,Male,68535
Harold Dilorenzo,Harold_Dilorenzo@yahoo.com,2011-02-11 22:28:36.198600,+903(703)-1289-4851,Female,8560
Harry Larios,Harry_Larios@yahoo.com,2015-02-11 22:28:36.199600,+998(271)-9968-5281,Female,68094
Hazel Coakley,Hazel_Coakley@yahoo.com,2022-02-11 22:28:36.214600,+568(587)-4460-3608,Female,63548
Hazel Goodwin,Hazel_Goodwin@yahoo.com,2011-02-11 22:28:36.199600,+598(361)-5590-6052,Male,65280
Hazel Snow,Hazel_Snow@yahoo.com,2022-02-11 22:28:36.214600,+301(561)-1711-1867,Male,23700
Heather Alcorn,Heather_Alcorn@yahoo.com,2022-02-11 22:28:36.214600,+695(899)-2769-0041,Female,76903
Heather Benton,Heather_Benton@yahoo.com,2022-02-11 22:28:36.214600,+732(131)-2546-9001,Female,56025
Heather Dublin,Heather_Dublin@yahoo.com,2009-02-11 22:28:36.195600,+730(937)-3111-2163,Female,85111
Heather Roberts,Heather_Roberts@yahoo.com,2022-02-11 22:28:36.214600,+445(941)-6719-9858,Male,71993
Heather Wengel,Heather_Wengel@yahoo.com,2022-02-11 22:28:36.214600,+726(814)-6568-3706,Female,82736
Heather Woodlock,Heather_Woodlock@yahoo.com,2022-02-11 22:28:36.214600,+569(669)-2928-9043,Male,21636
Helen Franzoni,Helen_Franzoni@yahoo.com,2022-02-11 22:28:36.214600,+648(177)-2569-1306,Female,11016
Helen Spaulding,Helen_Spaulding@yahoo.com,2021-02-11 22:28:36.199600,+13(879)-5578-5096,Female,72817
Henrietta Tiller,Henrietta_Tiller@yahoo.com,2006-02-11 22:28:36.196600,+353(958)-1123-6747,Female,49219
Henrietta Williamson,Henrietta_Williamson@yahoo.com,2022-02-11 22:28:36.214600,+425(675)-9740-8791,Female,75982
Henry Forehand,Henry_Forehand@yahoo.com,2022-02-11 22:28:36.214600,+702(567)-7922-7117,Male,50187
Henry Henrickson,Henry_Henrickson@yahoo.com,2022-02-11 22:28:36.214600,+359(857)-0198-6011,Male,66752
Henry Pursley,Henry_Pursley@yahoo.com,2005-02-11 22:28:36.197600,+927(720)-3608-0287,Male,1034
Herman Allen,Herman_Allen@yahoo.com,2014-02-11 22:28:36.200600,+869(117)-9414-7716,Female,43839
Hershel Lopez,Hershel_Lopez@yahoo.com,2022-02-11 22:28:36.214600,+493(605)-7547-2350,Male,43894
Hilda Ball,Hilda_Ball@yahoo.com,2022-02-11 22:28:36.214600,+561(808)-3431-6881,Male,28047
Hilda Cole,Hilda_Cole@yahoo.com,2022-02-11 22:28:36.214600,+117(535)-0439-1745,Female,6163
Homer Zielinski,Homer_Zielinski@yahoo.com,1981-02-11 22:28:36.192600,+432(824)-1977-4141,Male,65912
Howard Davis,Howard_Davis@yahoo.com,2022-02-11 22:28:36.214600,+226(973)-0610-1533,Male,9009
Howard Harvey,Howard_Harvey@yahoo.com,1984-02-11 22:28:36.192600,+901(252)-3622-0570,Male,5361
Howard Phernetton,Howard_Phernetton@yahoo.com,2022-02-11 22:28:36.214600,+834(984)-6502-3534,Male,53773
Howard Troche,Howard_Troche@yahoo.com,2022-02-11 22:28:36.214600,+358(963)-3431-0135,Male,68285
Ida Jones,Ida_Jones@yahoo.com,1992-02-11 22:28:36.193600,+435(249)-5213-9642,Female,29966
Ida Woodmansee,Ida_Woodmansee@yahoo.com,2022-02-11 22:28:36.214600,+320(638)-9467-7960,Male,62670
Irene Franklin,Irene_Franklin@yahoo.com,2022-02-11 22:28:36.214600,+506(247)-8972-4687,Male,62635
Irene Truiolo,Irene_Truiolo@yahoo.com,2022-02-11 22:28:36.214600,+35(010)-9239-5753,Female,20115
Isaac Christopher,Isaac_Christopher@yahoo.com,2022-02-11 22:28:36.214600,+278(448)-3087-2597,Female,4127
Ivy Smith,Ivy_Smith@yahoo.com,2022-02-11 22:28:36.214600,+112(913)-0493-2953,Male,70264
Jack Roach,Jack_Roach@yahoo.com,1993-02-11 22:28:36.193600,+514(646)-9361-5627,Female,22037
Jack Schaal,Jack_Schaal@yahoo.com,1982-02-11 22:28:36.192600,+747(564)-3289-6363,Female,82931
Jacqueline Reed,Jacqueline_Reed@yahoo.com,2010-02-11 22:28:36.195600,+246(472)-0596-3083,Female,27111
James Atwater,James_Atwater@yahoo.com,2022-02-11 22:28:36.214600,+885(309)-7466-0513,Male,39629
James Charon,James_Charon@yahoo.com,2022-02-11 22:28:36.214600,+342(684)-3052-3123,Female,26634
James Daniels,James_Daniels@yahoo.com,2022-02-11 22:28:36.214600,+958(375)-1207-5932,Male,36063
James Deleon,James_Deleon@yahoo.com,1993-02-11 22:28:36.193600,+495(292)-4291-7037,Female,21838
James Faulds,James_Faulds@yahoo.com,2012-02-11 22:28:36.199600,+672(567)-6187-8216,Female,94843
James Fletcher,James_Fletcher@yahoo.com,2022-02-11 22:28:36.214600,+714(263)-0784-4499,Male,65950
James Gardner,James_Gardner@yahoo.com,2022-02-11 22:28:36.214600,+499(609)-8988-8463,Male,1810
James Hartford,James_Hartford@yahoo.com,2009-02-11 22:28:36.196600,+90(367)-3477-4179,Male,1046
James Higgins,James_Higgins@yahoo.com,1991-02-11 22:28:36.194600,+113(108)-0015-9086,Male,69297
James Hoelscher,James_Hoelscher@yahoo.com,2022-02-11 22:28:36.215600,+29(614)-0988-5087,Male,94028
James Howard,James_Howard@yahoo.com,1988-02-11 22:28:36.192600,+819(246)-0700-3305,Male,74408
James Johnson,James_Johnson@yahoo.com,1994-02-11 22:28:36.193600,+408(168)-5178-6664,Male,60007
James Kennedy,James_Kennedy@yahoo.com,2016-02-11 22:28:36.198600,+534(575)-1469-1122,Male,43577
James Lawrence,James_Lawrence@yahoo.com,2022-02-11 22:28:36.215600,+746(388)-9329-6806,Female,84676
James Mcadam,James_Mcadam@yahoo.com,1989-02-11 22:28:36.192600,+150(209)-7842-9707,Female,46502
James Mcmillan,James_Mcmillan@yahoo.com,1983-02-11 22:28:36.192600,+869(555)-2942-4125,Male,92214
James Mettler,James_Mettler@yahoo.com,1998-02-11 22:28:36.194600,+364(784)-4999-1439,Male,31295
James Morris,James_Morris@yahoo.com,2016-02-11 22:28:36.199600,+772(902)-7022-5788,Female,22022
James Parker,James_Parker@yahoo.com,1993-02-11 22:28:36.194600,+141(066)-1810-4124,Male,5064
James Perez,James_Perez@yahoo.com,2022-02-11 22:28:36.227600,+668(386)-1634-5701,Female,39668
James Petit,James_Petit@yahoo.com,2007-02-11 22:28:36.195600,+47(834)-5561-9251,Female,64284
James Polite,James_Polite@yahoo.com,2022-02-11 22:28:36.227600,+835(804)-5340-6307,Female,80151
James Robinson,James_Robinson@yahoo.com,2003-02-11 22:28:36.197600,+19(804)-6290-9193,Male,73551
James Welch,James_Welch@yahoo.com,2022-02-11 22:28:36.227600,+32(487)-5817-8338,Male,89721
James Woloszyn,James_Woloszyn@yahoo.com,1981-02-11 22:28:36.192600,+738(171)-3070-7920,Female,27112
Jami Dang,Jami_Dang@yahoo.com,1994-02-11 22:28:36.193600,+419(126)-9897-0879,Male,25420
Jamie Haynes,Jamie_Haynes@yahoo.com,2022-02-11 22:28:36.228600,+79(540)-6379-9409,Male,23372
Jan Cooper,Jan_Cooper@yahoo.com,2022-02-11 22:28:36.228600,+695(645)-0905-4074,Female,26715
Jane Cordova,Jane_Cordova@yahoo.com,2022-02-11 22:28:36.228600,+918(544)-8153-6809,Female,74977
Jane Martin,Jane_Martin@yahoo.com,2022-02-11 22:28:36.228600,+303(828)-9129-7390,Male,25626
Janet Rogers,Janet_Rogers@yahoo.com,2022-02-11 22:28:36.228600,+385(481)-9512-5628,Female,9815
Janice Koch,Janice_Koch@yahoo.com,2022-02-11 22:28:36.228600,+994(552)-0714-8073,Male,65788
Jared Conklin,Jared_Conklin@yahoo.com,2022-02-11 22:28:36.228600,+102(555)-5770-1639,Female,60839
Jared Kershaw,Jared_Kershaw@yahoo.com,1991-02-11 22:28:36.194600,+302(983)-5992-3852,Female,85061
Jarvis Ascolese,Jarvis_Ascolese@yahoo.com,2022-02-11 22:28:36.228600,+345(437)-1109-6900,Female,53510
Jason Gentry,Jason_Gentry@yahoo.com,2022-02-11 22:28:36.228600,+531(025)-5877-8631,Male,23088
Jason Johnson,Jason_Johnson@yahoo.com,2000-02-11 22:28:36.194600,+839(673)-1624-1398,Male,66834
Javier Torres,Javier_Torres@yahoo.com,2022-02-11 22:28:36.228600,+897(172)-1689-0706,Female,47650
Jay Alvarado,Jay_Alvarado@yahoo.com,2019-02-11 22:28:36.198600,+562(718)-7931-4219,Male,65659
Jeanne Jensen,Jeanne_Jensen@yahoo.com,2022-02-11 22:28:36.228600,+41(695)-4250-2058,Male,71859
Jeff Smith,Jeff_Smith@yahoo.com,1984-02-11 22:28:36.193600,+871(726)-9547-0529,Female,85705
Jeffery Dickinson,Jeffery_Dickinson@yahoo.com,2022-02-11 22:28:36.228600,+261(730)-4445-3089,Female,9726
Jeffrey Andres,Jeffrey_Andres@yahoo.com,2022-02-11 22:28:36.228600,+656(930)-5942-8963,Female,98619
Jeffrey Carpenter,Jeffrey_Carpenter@yahoo.com,2022-02-11 22:28:36.228600,+612(234)-5323-1017,Male,1782
Jeffrey Hines,Jeffrey_Hines@yahoo.com,2022-02-11 22:28:36.228600,+431(518)-6702-0657,Male,67954
Jeffrey Martin,Jeffrey_Martin@yahoo.com,1986-02-11 22:28:36.192600,+409(897)-3714-1511,Female,24899
Jeffrey Preston,Jeffrey_Preston@yahoo.com,2009-02-11 22:28:36.196600,+395(868)-3086-0179,Female,63012
Jeffrey Schuld,Jeffrey_Schuld@yahoo.com,1992-02-11 22:28:36.194600,+475(222)-1242-1410,Male,55417
Jeffrey Schupp,Jeffrey_Schupp@yahoo.com,2022-02-11 22:28:36.228600,+410(414)-5100-6261,Male,24518
Jennifer Coggin,Jennifer_Coggin@yahoo.com,2022-02-11 22:28:36.228600,+241(654)-5482-0521,Male,68478
Jennifer Crouch,Jennifer_Crouch@yahoo.com,2022-02-11 22:28:36.228600,+998(227)-2108-5098,Male,49614
Jennifer Jackson,Jennifer_Jackson@yahoo.com,2019-02-11 22:28:36.197600,+358(141)-4825-3222,Male,27409
Jennifer Lessard,Jennifer_Lessard@yahoo.com,2022-02-11 22:28:36.228600,+675(994)-9776-5576,Male,99901
Jeremy Taylor,Jeremy_Taylor@yahoo.com,2022-02-11 22:28:36.228600,+182(513)-0040-5946,Female,13412
Jerrold Shafer,Jerrold_Shafer@yahoo.com,2018-02-11 22:28:36.197600,+922(389)-0829-8529,Female,75827
Jerry Grover,Jerry_Grover@yahoo.com,2022-02-11 22:28:36.228600,+34(224)-5070-2410,Female,69765
Jerry Hamilton,Jerry_Hamilton@yahoo.com,2013-02-11 22:28:36.200600,+641(846)-3129-9414,Female,55311
Jerry Wilkins,Jerry_Wilkins@yahoo.com,2022-02-11 22:28:36.228600,+58(177)-5664-4930,Female,11252
Jerry Woodward,Jerry_Woodward@yahoo.com,2003-02-11 22:28:36.196600,+370(916)-6964-1235,Female,59582
Jesse Belz,Jesse_Belz@yahoo.com,2022-02-11 22:28:36.228600,+461(414)-2967-4697,Female,88552
Jessica Mueller,Jessica_Mueller@yahoo.com,2022-02-11 22:28:36.228600,+429(075)-3994-3430,Female,3717
Jessica Parr,Jessica_Parr@yahoo.com,2008-02-11 22:28:36.196600,+245(009)-9318-4685,Female,10678
Jessie Cambria,Jessie_Cambria@yahoo.com,2022-02-11 22:28:36.228600,+782(491)-0443-2169,Female,48989
Jim Stines,Jim_Stines@yahoo.com,2022-02-11 22:28:36.228600,+738(772)-5782-7111,Female,67576
Jo Mero,Jo_Mero@yahoo.com,2022-02-11 22:28:36.228600,+444(170)-9148-6324,Male,68898
Jo Poole,Jo_Poole@yahoo.com,2019-02-11 22:28:36.199600,+810(402)-6930-5700,Female,85437
Joan Cannon,Joan_Cannon@yahoo.com,1996-02-11 22:28:36.194600,+354(170)-4208-0931,Female,9094
Joan Prosper,Joan_Prosper@yahoo.com,2022-02-11 22:28:36.228600,+11(278)-8464-2877,Female,7388
Joanne Fanning,Joanne_Fanning@yahoo.com,2022-02-11 22:28:36.228600,+737(868)-8584-1308,Female,31845
Joe Toth,Joe_Toth@yahoo.com,2022-02-11 22:28:36.228600,+295(933)-3458-8048,Female,29604
Joel Prior,Joel_Prior@yahoo.com,2022-02-11 22:28:36.229600,+49(565)-3096-5005,Female,85167
Joel Walters,Joel_Walters@yahoo.com,2022-02-11 22:28:36.229600,+127(924)-7884-9623,Male,10381
Joesph Hixon,Joesph_Hixon@yahoo.com,2007-02-11 22:28:36.195600,+969(531)-0502-2933,Male,4047
John Caceres,John_Caceres@yahoo.com,1996-02-11 22:28:36.194600,+828(922)-9134-3230,Female,48835
John Carr,John_Carr@yahoo.com,2010-02-11 22:28:36.196600,+631(488)-5986-9234,Male,26617
John Clarke,John_Clarke@yahoo.com,1992-02-11 22:28:36.193600,+762(176)-4215-8973,Female,50586
John Clevenger,John_Clevenger@yahoo.com,2022-02-11 22:28:36.229600,+261(247)-2501-1045,Female,86436
John Cooper,John_Cooper@yahoo.com,2022-02-11 22:28:36.229600,+414(631)-1030-1218,Female,53895
John Coulter,John_Coulter@yahoo.com,2022-02-11 22:28:36.229600,+218(778)-2890-1125,Male,2372
John Derider,John_Derider@yahoo.com,2022-02-11 22:28:36.229600,+128(078)-5903-0960,Female,48268
John Desantiago,John_Desantiago@yahoo.com,1996-02-11 22:28:36.193600,+155(780)-9313-6031,Female,19349
John Ferguson,John_Ferguson@yahoo.com,1998-02-11 22:28:36.194600,+684(280)-7449-4636,Male,2432
John Gaynor,John_Gaynor@yahoo.com,2022-02-11 22:28:36.229600,+677(674)-1682-4456,Female,14874
John Harvey,John_Harvey@yahoo.com,2019-02-11 22:28:36.200600,+864(107)-9866-4808,Male,87860
John Heavrin,John_Heavrin@yahoo.com,2022-02-11 22:28:36.229600,+929(867)-7054-2520,Male,36786
John Lalley,John_Lalley@yahoo.com,2022-02-11 22:28:36.229600,+147(972)-1980-3608,Male,20350
John Lane,John_Lane@yahoo.com,2022-02-11 22:28:36.229600,+696(551)-9520-4759,Female,30384
John May,John_May@yahoo.com,2022-02-11 22:28:36.229600,+788(721)-5749-5611,Male,92239
John Montano,John_Montano@yahoo.com,2022-02-11 22:28:36.229600,+668(508)-7678-1897,Male,83405
John Oconnor,John_Oconnor@yahoo.com,2022-02-11 22:28:36.229600,+961(340)-0396-1821,Male,9211
John Reist,John_Reist@yahoo.com,2022-02-11 22:28:36.229600,+574(629)-7362-0707,Female,90328
John Showman,John_Showman@yahoo.com,2022-02-11 22:28:36.229600,+47(542)-2991-6124,Male,22586
John Sonnier,John_Sonnier@yahoo.com,2022-02-11 22:28:36.229600,+520(403)-8118-6623,Female,51157
John Stroud,John_Stroud@yahoo.com,2013-02-11 22:28:36.197600,+589(585)-5341-3928,Female,57824
Johnny Cassell,Johnny_Cassell@yahoo.com,2022-02-11 22:28:36.229600,+594(408)-2877-9399,Female,80094
Johnny Manjarrez,Johnny_Manjarrez@yahoo.com,2022-02-11 22:28:36.229600,+759(532)-6209-5993,Male,3488
Johnny Zarate,Johnny_Zarate@yahoo.com,2022-02-11 22:28:36.229600,+372(782)-1407-7972,Male,13944
Jose King,Jose_King@yahoo.com,2005-02-11 22:28:36.196600,+116(654)-9474-7430,Male,49775
Joseph Barreras,Joseph_Barreras@yahoo.com,2019-02-11 22:28:36.199600,+118(933)-3674-9730,Female,40132
Joseph Brown,Joseph_Brown@yahoo.com,2022-02-11 22:28:36.229600,+603(114)-2222-6505,Female,4235
Joseph Durden,Joseph_Durden@yahoo.com,2022-02-11 22:28:36.229600,+399(997)-2815-3794,Male,99915
Joseph Fortner,Joseph_Fortner@yahoo.com,2020-02-11 22:28:36.200600,+400(739)-9485-1288,Male,42672
Joseph Jaco,Joseph_Jaco@yahoo.com,2009-02-11 22:28:36.196600,+415(182)-8060-6319,Female,83635
Joseph Koewler,Joseph_Koewler@yahoo.com,2022-02-11 22:28:36.229600,+35(352)-1124-4007,Female,50103
Joseph Mcdaniel,Joseph_Mcdaniel@yahoo.com,2001-02-11 22:28:36.195600,+855(298)-3836-3221,Male,46195
Joseph Rice,Joseph_Rice@yahoo.com,2022-02-11 22:28:36.229600,+96(170)-3619-7726,Female,91610
Joseph Wise,Joseph_Wise@yahoo.com,2022-02-11 22:28:36.229600,+70(455)-7733-1291,Male,12271
Josephine Oneal,Josephine_Oneal@yahoo.com,2022-02-11 22:28:36.229600,+990(662)-3828-7432,Male,22467
Josh Lucas,Josh_Lucas@yahoo.com,2007-02-11 22:28:36.195600,+369(413)-5517-2355,Female,94770
Joshua Dykstra,Joshua_Dykstra@yahoo.com,2014-02-11 22:28:36.199600,+159(435)-9817-0392,Male,44396
Joshua Overton,Joshua_Overton@yahoo.com,2022-02-11 22:28:36.229600,+187(768)-6881-9950,Male,47403
Joshua Parker,Joshua_Parker@yahoo.com,2022-02-11 22:28:36.230600,+536(006)-8481-5691,Male,38852
Joy Overshown,Joy_Overshown@yahoo.com,2006-02-11 22:28:36.195600,+965(727)-2333-0527,Female,27708
Joy Reaves,Joy_Reaves@yahoo.com,1983-02-11 22:28:36.192600,+425(953)-2649-6180,Male,40515
Joyce Gillikin,Joyce_Gillikin@yahoo.com,1988-02-11 22:28:36.192600,+993(060)-5238-2913,Male,71193
Joyce Nickel,Joyce_Nickel@yahoo.com,1994-02-11 22:28:36.194600,+132(374)-3681-1840,Male,32229
Joyce Soape,Joyce_Soape@yahoo.com,2022-02-11 22:28:36.230600,+143(648)-1954-1141,Female,7348
Juan Bates,Juan_Bates@yahoo.com,2021-02-11 22:28:36.198600,+609(030)-9553-5805,Female,68254
Juanita Brooks,Juanita_Brooks@yahoo.com,2022-02-11 22:28:36.230600,+270(091)-1174-9163,Female,62867
Judith Beach,Judith_Beach@yahoo.com,2022-02-11 22:28:36.230600,+651(952)-7041-6152,Male,47002
Judith Smith,Judith_Smith@yahoo.com,2022-02-11 22:28:36.230600,+635(769)-6453-5050,Female,11571
Judith Woods,Judith_Woods@yahoo.com,2022-02-11 22:28:36.230600,+41(215)-7774-3319,Female,93572
Julia Miller,Julia_Miller@yahoo.com,2001-02-11 22:28:36.196600,+146(656)-6613-2885,Male,90257
Julia Wiley,Julia_Wiley@yahoo.com,2022-02-11 22:28:36.230600,+583(259)-9456-5283,Male,43275
Julie Hudson,Julie_Hudson@yahoo.com,2006-02-11 22:28:36.197600,+254(308)-7475-3364,Male,3972
Julius Jenkins,Julius_Jenkins@yahoo.com,2022-02-11 22:28:36.230600,+612(585)-9895-1614,Female,88854
June Brescia,June_Brescia@yahoo.com,2022-02-11 22:28:36.230600,+19(570)-3862-3827,Male,24422
June Highbaugh,June_Highbaugh@yahoo.com,2022-02-11 22:28:36.230600,+539(439)-7679-6606,Male,2475
June Padmore,June_Padmore@yahoo.com,2022-02-11 22:28:36.230600,+597(307)-7401-7422,Female,86558
Justin Barry,Justin_Barry@yahoo.com,2015-02-11 22:28:36.198600,+131(017)-9829-6107,Female,76902
Justin Smith,Justin_Smith@yahoo.com,2022-02-11 22:28:36.230600,+613(527)-4897-5996,Female,26438
Karen Anderson,Karen_Anderson@yahoo.com,2022-02-11 22:28:36.230600,+881(200)-4736-5447,Male,84005
Karen Eastland,Karen_Eastland@yahoo.com,2022-02-11 22:28:36.230600,+751(767)-6276-2618,Female,18258
Karen Lopez,Karen_Lopez@yahoo.com,2022-02-11 22:28:36.230600,+795(556)-9032-4356,Female,20693
Karen Mcfarlin,Karen_Mcfarlin@yahoo.com,2022-02-11 22:28:36.230600,+746(754)-8785-6796,Male,79998
Karla Little,Karla_Little@yahoo.com,2022-02-11 22:28:36.230600,+214(534)-5822-4157,Female,33801
Katherine Briggs,Katherine_Briggs@yahoo.com,2022-02-11 22:28:36.230600,+929(138)-8903-2173,Female,44394
Katherine Hall,Katherine_Hall@yahoo.com,2022-02-11 22:28:36.230600,+482(810)-3352-5262,Male,95817
Katherine Pruiett,Katherine_Pruiett@yahoo.com,2018-02-11 22:28:36.197600,+893(866)-6641-3786,Male,66330
Kathleen Harper,Kathleen_Harper@yahoo.com,2022-02-11 22:28:36.230600,+254(191)-7743-0679,Female,98503
Kathleen Johnson,Kathleen_Johnson@yahoo.com,2006-02-11 22:28:36.195600,+972(754)-3058-6309,Female,94558
Kathleen Lites,Kathleen_Lites@yahoo.com,2019-02-11 22:28:36.197600,+137(203)-1423-3171,Female,42635
Kathleen Spencer,Kathleen_Spencer@yahoo.com,2022-02-11 22:28:36.230600,+285(897)-6924-8030,Female,92342
Kathryn Drake,Kathryn_Drake@yahoo.com,2022-02-11 22:28:36.230600,+889(898)-1446-6469,Female,66285
Kathy Kendrick,Kathy_Kendrick@yahoo.com,2022-02-11 22:28:36.230600,+256(905)-0326-8043,Female,4663
Katie Burk,Katie_Burk@yahoo.com,2009-02-11 22:28:36.194600,+561(782)-5027-3690,Female,92037
Katie Swan,Katie_Swan@yahoo.com,2022-02-11 22:28:36.230600,+575(963)-0984-7497,Female,27421
Katy Young,Katy_Young@yahoo.com,2022-02-11 22:28:36.230600,+118(297)-6549-5873,Male,35974
Kayla Cline,Kayla_Cline@yahoo.com,2022-02-11 22:28:36.230600,+522(075)-7164-6065,Female,76420
Keenan Boyd,Keenan_Boyd@yahoo.com,2022-02-11 22:28:36.230600,+539(234)-1661-5786,Male,95884
Keith Hall,Keith_Hall@yahoo.com,2022-02-11 22:28:36.230600,+491(762)-8539-5419,Female,30385
Kelly Anderson,Kelly_Anderson@yahoo.com,2009-02-11 22:28:36.194600,+398(746)-8560-1310,Male,12186
Kelly Nelson,Kelly_Nelson@yahoo.com,2011-02-11 22:28:36.199600,+982(821)-0793-2305,Female,62437
Kendall Smith,Kendall_Smith@yahoo.com,1998-02-11 22:28:36.194600,+307(805)-4019-0247,Female,63246
Kenneth Hurley,Kenneth_Hurley@yahoo.com,1994-02-11 22:28:36.193600,+164(949)-2847-3372,Female,92850
Kenneth Martin,Kenneth_Martin@yahoo.com,2022-02-11 22:28:36.231600,+143(500)-7433-8043,Male,1056
Kenneth Netterville,Kenneth_Netterville@yahoo.com,2022-02-11 22:28:36.231600,+746(464)-2171-4545,Male,53818
Kenneth Oleary,Kenneth_Oleary@yahoo.com,2022-02-11 22:28:36.231600,+6(701)-6593-3645,Female,16100
Kent Garney,Kent_Garney@yahoo.com,2022-02-11 22:28:36.231600,+902(348)-9440-8387,Male,19494
Keturah Jury,Keturah_Jury@yahoo.com,2022-02-11 22:28:36.231600,+503(280)-9864-2330,Male,63315
Kevin Allen,Kevin_Allen@yahoo.com,2022-02-11 22:28:36.231600,+956(521)-2372-2903,Male,77744
Kevin Hyldahl,Kevin_Hyldahl@yahoo.com,2022-02-11 22:28:36.231600,+399(602)-8126-8497,Female,98657
Kevin Maldonado,Kevin_Maldonado@yahoo.com,1991-02-11 22:28:36.194600,+187(170)-0319-6129,Male,83468
Kevin Ramos,Kevin_Ramos@yahoo.com,2022-02-11 22:28:36.231600,+94(044)-5838-2705,Male,20912
Kevin Tetreault,Kevin_Tetreault@yahoo.com,2001-02-11 22:28:36.196600,+351(421)-5067-3242,Male,4203
Kim Mcclellan,Kim_Mcclellan@yahoo.com,2022-02-11 22:28:36.231600,+93(721)-6537-8544,Male,19532
Kimberly Dueber,Kimberly_Dueber@yahoo.com,1993-02-11 22:28:36.193600,+551(423)-3593-0504,Female,74020
Kimberly Winkler,Kimberly_Winkler@yahoo.com,2022-02-11 22:28:36.231600,+58(329)-9448-0907,Male,93807
Kimbery Chappell,Kimbery_Chappell@yahoo.com,2022-02-11 22:28:36.231600,+119(493)-0283-4766,Male,74118
Kimbra Wormley,Kimbra_Wormley@yahoo.com,2022-02-11 22:28:36.231600,+381(461)-2751-4574,Male,7306
Kristin Fields,Kristin_Fields@yahoo.com,2022-02-11 22:28:36.231600,+812(409)-4558-9238,Male,19299
Kristy Griffin,Kristy_Griffin@yahoo.com,2022-02-11 22:28:36.231600,+938(023)-6482-6391,Male,97644
Kristy Householder,Kristy_Householder@yahoo.com,2003-02-11 22:28:36.196600,+147(833)-1786-3086,Male,37547
Kyle Haddock,Kyle_Haddock@yahoo.com,2022-02-11 22:28:36.231600,+648(189)-5776-5442,Male,51541
Kyle Pinegar,Kyle_Pinegar@yahoo.com,2009-02-11 22:28:36.195600,+708(384)-6888-8523,Female,48722
Lan Fischer,Lan_Fischer@yahoo.com,2014-02-11 22:28:36.198600,+526(876)-5221-9104,Female,98366
Lance Richmond,Lance_Richmond@yahoo.com,2022-02-11 22:28:36.231600,+871(113)-2439-8747,Female,92171
Larry Bouchard,Larry_Bouchard@yahoo.com,2022-02-11 22:28:36.231600,+778(134)-4252-0205,Female,64733
Larry Sayle,Larry_Sayle@yahoo.com,2003-02-11 22:28:36.197600,+275(686)-3629-4485,Male,9122
Lashunda Mack,Lashunda_Mack@yahoo.com,2003-02-11 22:28:36.195600,+843(929)-5949-4155,Female,26151
Lasonya Elliott,Lasonya_Elliott@yahoo.com,2022-02-11 22:28:36.231600,+578(388)-9821-9725,Male,82404
Laura Pena,Laura_Pena@yahoo.com,2002-02-11 22:28:36.194600,+19(904)-9959-4743,Female,77346
Lauretta Miles,Lauretta_Miles@yahoo.com,2021-02-11 22:28:36.200600,+300(135)-8603-9190,Female,84038
Laurie Minter,Laurie_Minter@yahoo.com,2022-02-11 22:28:36.231600,+700(915)-4085-9173,Male,77011
Lavelle Lambrakis,Lavelle_Lambrakis@yahoo.com,2022-02-11 22:28:36.231600,+754(949)-2245-8209,Male,85779
Lawrence Butler,Lawrence_Butler@yahoo.com,2002-02-11 22:28:36.197600,+235(265)-7107-7392,Female,95201
Lawrence Keefe,Lawrence_Keefe@yahoo.com,2022-02-11 22:28:36.231600,+48(809)-5252-0903,Female,8427
Lawrence Louie,Lawrence_Louie@yahoo.com,2002-02-11 22:28:36.197600,+114(043)-7684-5516,Male,77299
Leah Carter,Leah_Carter@yahoo.com,2008-02-11 22:28:36.195600,+434(231)-7576-7932,Male,27143
Leah Tademy,Leah_Tademy@yahoo.com,1985-02-11 22:28:36.192600,+868(887)-3020-8602,Female,72696
Leo Ayala,Leo_Ayala@yahoo.com,2002-02-11 22:28:36.195600,+322(361)-0537-9476,Male,59952
Leo Philbert,Leo_Philbert@yahoo.com,2022-02-11 22:28:36.231600,+175(807)-9143-5056,Female,85169
Leonard Lytch,Leonard_Lytch@yahoo.com,2022-02-11 22:28:36.232600,+929(502)-4632-5931,Female,5828
Leonard Mello,Leonard_Mello@yahoo.com,2007-02-11 22:28:36.196600,+634(393)-5610-8270,Male,38868
Lesley Cyrus,Lesley_Cyrus@yahoo.com,2022-02-11 22:28:36.232600,+22(961)-2652-2860,Male,20809
Leslie Lucas,Leslie_Lucas@yahoo.com,2022-02-11 22:28:36.232600,+142(940)-5639-0140,Female,92345
Leta Hope,Leta_Hope@yahoo.com,2011-02-11 22:28:36.199600,+414(150)-6092-2282,Male,64125
Linda Cross,Linda_Cross@yahoo.com,2022-02-11 22:28:36.232600,+231(025)-6821-4861,Male,21440
Linda Fowler,Linda_Fowler@yahoo.com,2022-02-11 22:28:36.232600,+269(354)-7934-8968,Male,60023
Linda Hendren,Linda_Hendren@yahoo.com,2022-02-11 22:28:36.232600,+115(403)-9130-6769,Male,29508
Lindsey Farrell,Lindsey_Farrell@yahoo.com,2016-02-11 22:28:36.198600,+586(383)-9407-5286,Male,96558
Lisa Hester,Lisa_Hester@yahoo.com,1998-02-11 22:28:36.193600,+701(512)-5052-8819,Male,6057
Lisa Knapp,Lisa_Knapp@yahoo.com,2022-02-11 22:28:36.232600,+456(113)-1768-2180,Female,48079
Lisa Martinez,Lisa_Martinez@yahoo.com,2022-02-11 22:28:36.232600,+299(068)-4290-9616,Male,9734
Lisa Owens,Lisa_Owens@yahoo.com,1999-02-11 22:28:36.193600,+387(684)-7772-3033,Male,17237
Lisa Puckett,Lisa_Puckett@yahoo.com,2022-02-11 22:28:36.232600,+441(239)-0284-3714,Female,81859
Lois Hay,Lois_Hay@yahoo.com,2022-02-11 22:28:36.232600,+644(140)-9828-6766,Female,39305
Lois Reece,Lois_Reece@yahoo.com,2017-02-11 22:28:36.199600,+383(126)-9631-0716,Male,48168
Lois Scott,Lois_Scott@yahoo.com,2001-02-11 22:28:36.194600,+578(774)-9017-7259,Male,11908
Lois Slowinski,Lois_Slowinski@yahoo.com,2009-02-11 22:28:36.195600,+549(176)-9939-1999,Male,70401
Lonnie Hillis,Lonnie_Hillis@yahoo.com,2022-02-11 22:28:36.232600,+427(245)-9750-1130,Male,69984
Lonnie Oneill,Lonnie_Oneill@yahoo.com,2022-02-11 22:28:36.232600,+395(111)-5966-7034,Female,95682
Louis Hernandez,Louis_Hernandez@yahoo.com,2005-02-11 22:28:36.196600,+815(255)-9100-5328,Female,64683
Lucille Mccaffrey,Lucille_Mccaffrey@yahoo.com,2012-02-11 22:28:36.200600,+426(364)-4042-9621,Female,51981
Lucille Oconnell,Lucille_Oconnell@yahoo.com,2022-02-11 22:28:36.232600,+948(546)-9363-8592,Female,79389
Lucy Orr,Lucy_Orr@yahoo.com,2022-02-11 22:28:36.232600,+757(836)-1886-3330,Female,2244
Luis Berkson,Luis_Berkson@yahoo.com,2022-02-11 22:28:36.232600,+891(298)-4158-6211,Male,85342
Luis Huckaby,Luis_Huckaby@yahoo.com,2022-02-11 22:28:36.232600,+515(815)-4333-3500,Female,11656
Luther Sanders,Luther_Sanders@yahoo.com,2021-02-11 22:28:36.197600,+477(581)-9558-7858,Female,27353
Lynda Mullins,Lynda_Mullins@yahoo.com,2012-02-11 22:28:36.198600,+103(509)-2366-1259,Male,91921
Lynn Daily,Lynn_Daily@yahoo.com,2014-02-11 22:28:36.197600,+16(782)-9799-2225,Male,48495
Lynn Hill,Lynn_Hill@yahoo.com,1990-02-11 22:28:36.192600,+437(545)-1598-0482,Male,93740
Lynn Swanson,Lynn_Swanson@yahoo.com,2022-02-11 22:28:36.232600,+233(194)-4715-8635,Female,65368
Mable Petersen,Mable_Petersen@yahoo.com,2022-02-11 22:28:36.232600,+886(071)-6530-8021,Male,51784
Mae Gilligan,Mae_Gilligan@yahoo.com,1986-02-11 22:28:36.192600,+821(913)-7918-2992,Female,94557
Manuel Penatac,Manuel_Penatac@yahoo.com,1989-02-11 22:28:36.193600,+974(974)-5490-0252,Female,35304
Marcus Halley,Marcus_Halley@yahoo.com,2022-02-11 22:28:36.232600,+347(310)-4843-9194,Male,91906
Margaret Gray,Margaret_Gray@yahoo.com,2022-02-11 22:28:36.232600,+581(612)-6865-4823,Male,88480
Margaret Maya,Margaret_Maya@yahoo.com,2022-02-11 22:28:36.232600,+395(342)-9917-5431,Female,29590
Maria Adams,Maria_Adams@yahoo.com,2022-02-11 22:28:36.232600,+87(915)-2324-9448,Female,4660
Maria Blankenship,Maria_Blankenship@yahoo.com,2005-02-11 22:28:36.194600,+704(228)-3926-1538,Female,86315
Maria Herndon,Maria_Herndon@yahoo.com,2009-02-11 22:28:36.195600,+911(061)-0930-9246,Male,23000
Maria Lipford,Maria_Lipford@yahoo.com,1992-02-11 22:28:36.194600,+176(035)-7132-5675,Male,43843
Maria Ross,Maria_Ross@yahoo.com,2022-02-11 22:28:36.232600,+406(311)-0341-2028,Female,99524
Maria Smith,Maria_Smith@yahoo.com,2016-02-11 22:28:36.198600,+227(694)-8784-2168,Female,82285
Marian Shaw,Marian_Shaw@yahoo.com,1999-02-11 22:28:36.193600,+158(884)-2398-7494,Female,81772
Mariann Boone,Mariann_Boone@yahoo.com,2003-02-11 22:28:36.196600,+429(263)-1922-2608,Male,23346
Marie Lones,Marie_Lones@yahoo.com,2022-02-11 22:28:36.232600,+742(702)-1723-1821,Female,80187
Marilyn Franklin,Marilyn_Franklin@yahoo.com,2022-02-11 22:28:36.233600,+158(186)-1464-8118,Male,15894
Marilyn Robertson,Marilyn_Robertson@yahoo.com,2022-02-11 22:28:36.233600,+717(179)-2911-3824,Male,59503
Marion Rand,Marion_Rand@yahoo.com,2022-02-11 22:28:36.233600,+265(259)-7656-4744,Female,17776
Maritza Dacey,Maritza_Dacey@yahoo.com,2019-02-11 22:28:36.199600,+95(383)-8591-0032,Male,46262
Marjory Bower,Marjory_Bower@yahoo.com,2014-02-11 22:28:36.198600,+843(056)-2762-7747,Female,58904
Mark Brookskennedy,Mark_Brookskennedy@yahoo.com,2005-02-11 22:28:36.195600,+455(010)-3102-4304,Female,33419
Mark Cooper,Mark_Cooper@yahoo.com,2022-02-11 22:28:36.233600,+524(555)-1041-3235,Female,7068
Mark Loftin,Mark_Loftin@yahoo.com,2001-02-11 22:28:36.196600,+176(632)-1063-4944,Male,98586
Mark Ramsey,Mark_Ramsey@yahoo.com,2022-02-11 22:28:36.233600,+871(500)-2005-5352,Male,29042
Marlene Sweet,Marlene_Sweet@yahoo.com,2022-02-11 22:28:36.233600,+997(872)-7894-8442,Male,30650
Martha Torres,Martha_Torres@yahoo.com,2022-02-11 22:28:36.233600,+663(577)-9823-2436,Male,98409
Martin Delaney,Martin_Delaney@yahoo.com,1995-02-11 22:28:36.193600,+456(575)-0277-8006,Male,52975
Martina Gulley,Martina_Gulley@yahoo.com,2014-02-11 22:28:36.199600,+500(874)-5173-4659,Female,70188
Marva Farrell,Marva_Farrell@yahoo.com,2022-02-11 22:28:36.233600,+352(435)-9922-6537,Male,41986
Marvin Soto,Marvin_Soto@yahoo.com,2022-02-11 22:28:36.233600,+918(362)-6650-1965,Female,81666
Mary Baker,Mary_Baker@yahoo.com,2022-02-11 22:28:36.233600,+307(261)-0919-5288,Female,54594
Mary Ernst,Mary_Ernst@yahoo.com,2022-02-11 22:28:36.233600,+940(226)-6646-3936,Female,71341
Mary Hanson,Mary_Hanson@yahoo.com,2022-02-11 22:28:36.233600,+918(183)-5437-3856,Male,3054
Mary Laskey,Mary_Laskey@yahoo.com,2004-02-11 22:28:36.197600,+381(497)-0448-1118,Female,35216
Mary Murray,Mary_Murray@yahoo.com,2022-02-11 22:28:36.233600,+449(010)-9272-0166,Female,73500
Mary Price,Mary_Price@yahoo.com,1997-02-11 22:28:36.193600,+871(243)-8879-6775,Female,32308
Mary Rascoe,Mary_Rascoe@yahoo.com,2007-02-11 22:28:36.195600,+524(116)-1918-5754,Male,91825
Mary Robinson,Mary_Robinson@yahoo.com,2022-02-11 22:28:36.233600,+614(174)-5823-3831,Female,3605
Mary Rollins,Mary_Rollins@yahoo.com,2022-02-11 22:28:36.233600,+567(953)-2356-8438,Male,70816
Mary Schoonover,Mary_Schoonover@yahoo.com,2022-02-11 22:28:36.233600,+196(873)-1603-8092,Male,43824
Mary Wahlstrom,Mary_Wahlstrom@yahoo.com,1995-02-11 22:28:36.193600,+142(275)-1584-0498,Male,39096
Mary Williams,Mary_Williams@yahoo.com,2022-02-11 22:28:36.233600,+210(018)-6857-7673,Female,31817
Mary Wright,Mary_Wright@yahoo.com,2012-02-11 22:28:36.197600,+143(254)-8605-0427,Female,7530
Maryann Hicks,Maryann_Hicks@yahoo.com,1995-02-11 22:28:36.194600,+741(641)-5157-2118,Male,21926
Maryanne Rodriguez,Maryanne_Rodriguez@yahoo.com,2022-02-11 22:28:36.233600,+919(717)-8794-7819,Male,53935
Matthew Bookman,Matthew_Bookman@yahoo.com,2008-02-11 22:28:36.197600,+324(731)-3163-6377,Female,63031
Matthew Duncan,Matthew_Duncan@yahoo.com,2022-02-11 22:28:36.233600,+398(051)-1580-0202,Male,95571
Matthew Guglielmo,Matthew_Guglielmo@yahoo.com,1990-02-11 22:28:36.192600,+76(664)-4056-4852,Male,33673
Matthew Porte,Matthew_Porte@yahoo.com,2008-02-11 22:28:36.196600,+622(365)-5858-1903,Male,44346
Matthew Roberts,Matthew_Roberts@yahoo.com,2022-02-11 22:28:36.233600,+937(387)-0290-7233,Male,59812
Matthew Skinner,Matthew_Skinner@yahoo.com,1983-02-11 22:28:36.192600,+646(708)-1917-5633,Male,11090
Matthew Williams,Matthew_Williams@yahoo.com,2022-02-11 22:28:36.233600,+630(511)-3372-9796,Female,34118
Matthew Wise,Matthew_Wise@yahoo.com,1997-02-11 22:28:36.193600,+700(827)-2045-5367,Male,77283
Maureen Robertson,Maureen_Robertson@yahoo.com,2022-02-11 22:28:36.233600,+579(471)-4851-2424,Female,77393
Maurice Hubbard,Maurice_Hubbard@yahoo.com,2022-02-11 22:28:36.233600,+558(738)-4572-6083,Female,58691
May Abel,May_Abel@yahoo.com,2022-02-11 22:28:36.233600,+689(225)-1213-3828,Female,47612
Megan Bullard,Megan_Bullard@yahoo.com,2022-02-11 22:28:36.233600,+460(503)-1246-1233,Female,31556
Megan Bullard,Megan_Bullard@yahoo.com,1982-02-11 22:28:36.192600,+899(473)-3557-9998,Male,58249
Melanie Watts,Melanie_Watts@yahoo.com,2013-02-11 22:28:36.199600,+113(998)-5083-3833,Male,26252
Melony Woods,Melony_Woods@yahoo.com,2011-02-11 22:28:36.199600,+437(841)-2387-1272,Male,39997
Melvin Smith,Melvin_Smith@yahoo.com,2022-02-11 22:28:36.234600,+657(261)-0708-3862,Male,18276
Michael Brown,Michael_Brown@yahoo.com,2022-02-11 22:28:36.234600,+25(747)-2450-2670,Female,55677
Michael Byers,Michael_Byers@yahoo.com,1990-02-11 22:28:36.192600,+964(177)-2631-6779,Female,25843
Michael Campbell,Michael_Campbell@yahoo.com,2009-02-11 22:28:36.197600,+748(682)-3280-0095,Male,75492
Michael Casias,Michael_Casias@yahoo.com,2022-02-11 22:28:36.234600,+692(661)-1817-5340,Male,19511
Michael Davidson,Michael_Davidson@yahoo.com,2022-02-11 22:28:36.234600,+175(461)-8231-9946,Male,28135
Michael Dow,Michael_Dow@yahoo.com,2022-02-11 22:28:36.234600,+492(051)-8095-0766,Female,68386
Michael Garrett,Michael_Garrett@yahoo.com,2008-02-11 22:28:36.196600,+52(402)-3963-4928,Male,6143
Michael Hill,Michael_Hill@yahoo.com,2022-02-11 22:28:36.234600,+708(592)-8001-1411,Male,54791
Michael Larkin,Michael_Larkin@yahoo.com,2022-02-11 22:28:36.234600,+64(537)-8300-6236,Male,55757
Michael Ledford,Michael_Ledford@yahoo.com,2022-02-11 22:28:36.234600,+615(099)-4476-2046,Male,3974
Michael Mcgowan,Michael_Mcgowan@yahoo.com,2004-02-11 22:28:36.195600,+313(392)-8073-4571,Female,78098
Michael Moore,Michael_Moore@yahoo.com,2021-02-11 22:28:36.199600,+126(075)-9535-2274,Female,28646
Michael Olson,Michael_Olson@yahoo.com,2022-02-11 22:28:36.234600,+906(659)-0836-6783,Female,24444
Michael Purcell,Michael_Purcell@yahoo.com,2000-02-11 22:28:36.193600,+682(266)-7891-6279,Male,62982
Michael Sanchez,Michael_Sanchez@yahoo.com,2022-02-11 22:28:36.234600,+279(978)-8926-7393,Male,88748
Michael Sanders,Michael_Sanders@yahoo.com,2021-02-11 22:28:36.199600,+968(451)-9448-0000,Female,83635
Michael Wiley,Michael_Wiley@yahoo.com,2022-02-11 22:28:36.234600,+339(103)-1940-2458,Male,32810
Michelle Brantley,Michelle_Brantley@yahoo.com,2022-02-11 22:28:36.234600,+977(437)-1719-8782,Male,13132
Michelle Brock,Michelle_Brock@yahoo.com,2022-02-11 22:28:36.234600,+562(522)-3738-5358,Female,64093
Michelle Dillard,Michelle_Dillard@yahoo.com,2012-02-11 22:28:36.198600,+984(203)-5100-7639,Female,11439
Michelle Hamilton,Michelle_Hamilton@yahoo.com,2022-02-11 22:28:36.234600,+133(178)-6400-2869,Male,31358
Michelle Robinson,Michelle_Robinson@yahoo.com,2022-02-11 22:28:36.234600,+82(067)-2951-2845,Male,33224
Mickey Tizon,Mickey_Tizon@yahoo.com,2010-02-11 22:28:36.196600,+982(549)-5872-8129,Female,6072
Milagros Griffith,Milagros_Griffith@yahoo.com,2022-02-11 22:28:36.234600,+909(712)-8851-6143,Female,54823
Mildred Renolds,Mildred_Renolds@yahoo.com,2002-02-11 22:28:36.195600,+550(931)-2231-1145,Male,37418
Miles Gonzales,Miles_Gonzales@yahoo.com,2022-02-11 22:28:36.234600,+135(301)-6009-4276,Female,53734
Millie White,Millie_White@yahoo.com,2022-02-11 22:28:36.234600,+131(268)-5899-5085,Female,7480
Minh Collins,Minh_Collins@yahoo.com,1996-02-11 22:28:36.193600,+658(921)-1333-6564,Female,11479
Minnie Craghead,Minnie_Craghead@yahoo.com,2022-02-11 22:28:36.234600,+647(517)-2118-0749,Male,20946
Miriam Davis,Miriam_Davis@yahoo.com,2017-02-11 22:28:36.197600,+292(353)-1823-0274,Female,27525
Monique Battle,Monique_Battle@yahoo.com,2022-02-11 22:28:36.234600,+65(487)-1693-7593,Male,57851
Monserrate Dunn,Monserrate_Dunn@yahoo.com,2016-02-11 22:28:36.200600,+936(779)-2463-8348,Female,6754
Myrtle Herr,Myrtle_Herr@yahoo.com,2011-02-11 22:28:36.199600,+393(255)-9225-1955,Male,14767
Myrtle Pelton,Myrtle_Pelton@yahoo.com,2006-02-11 22:28:36.194600,+143(383)-2046-1042,Male,39051
Myrtle Schwarz,Myrtle_Schwarz@yahoo.com,2022-02-11 22:28:36.234600,+919(683)-2061-2996,Female,45274
Nana Thompson,Nana_Thompson@yahoo.com,2022-02-11 22:28:36.234600,+319(991)-9280-3048,Male,37872
Nancy Helms,Nancy_Helms@yahoo.com,1995-02-11 22:28:36.193600,+816(586)-8427-7712,Male,29637
Nancy Terry,Nancy_Terry@yahoo.com,2022-02-11 22:28:36.234600,+242(406)-1104-8241,Female,42746
Natalie Scott,Natalie_Scott@yahoo.com,2002-02-11 22:28:36.195600,+210(470)-8967-0278,Female,98686
Nellie Paine,Nellie_Paine@yahoo.com,2018-02-11 22:28:36.199600,+322(554)-5954-1749,Male,62914
Nenita Jackson,Nenita_Jackson@yahoo.com,2013-02-11 22:28:36.197600,+514(851)-9160-7019,Female,27904
Nereida Plummer,Nereida_Plummer@yahoo.com,1996-02-11 22:28:36.193600,+99(847)-5534-3810,Male,28379
Nicholas Avila,Nicholas_Avila@yahoo.com,2005-02-11 22:28:36.195600,+511(486)-7026-7084,Male,52119
Nicholas Harkness,Nicholas_Harkness@yahoo.com,2022-02-11 22:28:36.235600,+171(063)-5718-2004,Female,8149
Nicki Powell,Nicki_Powell@yahoo.com,2022-02-11 22:28:36.235600,+496(069)-0831-1889,Female,80155
Nicole Alanis,Nicole_Alanis@yahoo.com,2022-02-11 22:28:36.235600,+658(237)-5299-1123,Female,27665
Noel Abruzzino,Noel_Abruzzino@yahoo.com,2019-02-11 22:28:36.199600,+816(795)-0736-7338,Female,86881
Norma Robinson,Norma_Robinson@yahoo.com,2022-02-11 22:28:36.235600,+450(024)-3522-6447,Female,90444
Norma Smith,Norma_Smith@yahoo.com,2010-02-11 22:28:36.197600,+236(714)-0430-2018,Female,74224
Norman Glasper,Norman_Glasper@yahoo.com,2010-02-11 22:28:36.194600,+818(254)-6099-5180,Male,83013
Olive Johnson,Olive_Johnson@yahoo.com,2022-02-11 22:28:36.235600,+302(837)-1118-0381,Male,71893
Pam Winkel,Pam_Winkel@yahoo.com,2022-02-11 22:28:36.235600,+977(964)-7260-9886,Female,90961
Pamela Brunson,Pamela_Brunson@yahoo.com,2022-02-11 22:28:36.235600,+628(018)-8004-3398,Male,50621
Pamela Fox,Pamela_Fox@yahoo.com,2001-02-11 22:28:36.195600,+944(999)-0887-3923,Female,99370
Pamela Suarez,Pamela_Suarez@yahoo.com,2002-02-11 22:28:36.197600,+94(451)-1101-2667,Female,33922
Pat Jolly,Pat_Jolly@yahoo.com,2002-02-11 22:28:36.195600,+458(616)-1307-9635,Female,13080
Patricia Gonez,Patricia_Gonez@yahoo.com,2022-02-11 22:28:36.235600,+559(703)-6987-7137,Male,23140
Patricia Janas,Patricia_Janas@yahoo.com,2022-02-11 22:28:36.235600,+487(964)-3105-8032,Male,87949
Patricia Little,Patricia_Little@yahoo.com,2022-02-11 22:28:36.235600,+77(586)-2152-4683,Male,66513
Patricia Valdez,Patricia_Valdez@yahoo.com,2017-02-11 22:28:36.199600,+562(214)-7615-8038,Female,99160
Patrick Jacobson,Patrick_Jacobson@yahoo.com,1982-02-11 22:28:36.192600,+342(547)-6815-9007,Female,17275
Patrick Session,Patrick_Session@yahoo.com,2022-02-11 22:28:36.235600,+996(565)-8066-8016,Female,70433
Paul Gallegos,Paul_Gallegos@yahoo.com,2007-02-11 22:28:36.195600,+223(578)-0870-7660,Female,58607
Paul Haynes,Paul_Haynes@yahoo.com,2005-02-11 22:28:36.196600,+705(087)-7855-3663,Male,79030
Paul Krantz,Paul_Krantz@yahoo.com,2017-02-11 22:28:36.200600,+409(875)-4566-0900,Female,99962
Paul Mahoney,Paul_Mahoney@yahoo.com,2022-02-11 22:28:36.235600,+755(830)-4100-0319,Male,16204
Paul Meinke,Paul_Meinke@yahoo.com,1980-02-11 22:28:36.192600,+724(784)-5890-4869,Male,93273
Paul Mendonca,Paul_Mendonca@yahoo.com,2022-02-11 22:28:36.235600,+275(549)-8919-8756,Female,10330
Paul Phillips,Paul_Phillips@yahoo.com,2010-02-11 22:28:36.195600,+316(225)-4573-6023,Male,10320
Paula Morningstar,Paula_Morningstar@yahoo.com,2022-02-11 22:28:36.235600,+654(885)-0231-9439,Female,99782
Pauline Vaneck,Pauline_Vaneck@yahoo.com,2022-02-11 22:28:36.235600,+618(637)-3389-8610,Female,5907
Pearl Dunn,Pearl_Dunn@yahoo.com,2022-02-11 22:28:36.235600,+497(349)-6933-8133,Female,64619
Pearl Price,Pearl_Price@yahoo.com,2022-02-11 22:28:36.235600,+758(925)-7918-8290,Male,1076
Peggy Kennedy,Peggy_Kennedy@yahoo.com,1987-02-11 22:28:36.193600,+752(223)-0168-8640,Female,56956
Peggy Murphy,Peggy_Murphy@yahoo.com,2004-02-11 22:28:36.195600,+823(389)-5875-4934,Female,15314
Penny Daschofsky,Penny_Daschofsky@yahoo.com,1997-02-11 22:28:36.193600,+375(989)-4190-0499,Female,91769
Perry Robinson,Perry_Robinson@yahoo.com,2015-02-11 22:28:36.199600,+489(183)-2544-9549,Male,32699
Peter Savage,Peter_Savage@yahoo.com,2003-02-11 22:28:36.195600,+209(308)-5405-4032,Male,56493
Philip Babcock,Philip_Babcock@yahoo.com,2022-02-11 22:28:36.235600,+857(540)-8722-8949,Female,88107
Phillip Keeler,Phillip_Keeler@yahoo.com,2013-02-11 22:28:36.199600,+157(610)-2679-0469,Female,80107
Phillis Marvin,Phillis_Marvin@yahoo.com,2022-02-11 22:28:36.235600,+667(006)-2252-7890,Female,47677
Phyllis Cable,Phyllis_Cable@yahoo.com,1985-02-11 22:28:36.192600,+97(228)-9283-9794,Female,46536
Phyllis Hamada,Phyllis_Hamada@yahoo.com,2022-02-11 22:28:36.235600,+246(567)-2087-1589,Female,19266
Quinn Orouke,Quinn_Orouke@yahoo.com,2022-02-11 22:28:36.235600,+647(799)-2393-9750,Female,72974
Rafael Santiago,Rafael_Santiago@yahoo.com,2005-02-11 22:28:36.197600,+514(727)-8926-8678,Female,96075
Ralph Gilliam,Ralph_Gilliam@yahoo.com,2022-02-11 22:28:36.235600,+182(841)-2306-3715,Female,11278
Ralph Mccarty,Ralph_Mccarty@yahoo.com,2019-02-11 22:28:36.200600,+451(603)-6057-6260,Male,40766
Ralph Pentek,Ralph_Pentek@yahoo.com,2008-02-11 22:28:36.197600,+6(298)-0573-3254,Male,76417
Ralph Swann,Ralph_Swann@yahoo.com,2022-02-11 22:28:36.236600,+630(346)-6059-2238,Female,63522
Randall Gomez,Randall_Gomez@yahoo.com,2022-02-11 22:28:36.236600,+846(736)-4530-3763,Female,35986
Randy Mcginnis,Randy_Mcginnis@yahoo.com,1988-02-11 22:28:36.192600,+125(365)-2957-9655,Male,73759
Randy Sobieski,Randy_Sobieski@yahoo.com,2022-02-11 22:28:36.236600,+143(934)-1208-7488,Male,68402
Raquel Hane,Raquel_Hane@yahoo.com,2022-02-11 22:28:36.236600,+370(210)-5019-0058,Female,86150
Raul Cassidy,Raul_Cassidy@yahoo.com,2010-02-11 22:28:36.197600,+425(645)-9273-1584,Male,50967
Ray Copeland,Ray_Copeland@yahoo.com,2022-02-11 22:28:36.236600,+461(988)-1268-7941,Male,85655
Ray Morehead,Ray_Morehead@yahoo.com,1998-02-11 22:28:36.193600,+268(279)-4792-0403,Male,2525
Rayford Wilson,Rayford_Wilson@yahoo.com,2018-02-11 22:28:36.199600,+881(431)-9195-7747,Male,3937
Raymond Anderson,Raymond_Anderson@yahoo.com,2015-02-11 22:28:36.200600,+846(617)-8895-8235,Female,79642
Raymond Douglas,Raymond_Douglas@yahoo.com,2022-02-11 22:28:36.236600,+596(657)-7987-8308,Female,11550
Raymond Martin,Raymond_Martin@yahoo.com,2017-02-11 22:28:36.200600,+746(656)-5641-2124,Male,79912
Raymond Poll,Raymond_Poll@yahoo.com,2001-02-11 22:28:36.196600,+361(330)-6357-7017,Female,7745
Raymond Roberto,Raymond_Roberto@yahoo.com,2022-02-11 22:28:36.236600,+128(106)-0108-9120,Female,98720
Rebecca Henry,Rebecca_Henry@yahoo.com,2016-02-11 22:28:36.199600,+405(625)-8506-3533,Female,42689
Rebecca Lanza,Rebecca_Lanza@yahoo.com,2018-02-11 22:28:36.198600,+59(022)-0612-4144,Male,35936
Reggie Moseley,Reggie_Moseley@yahoo.com,2022-02-11 22:28:36.236600,+547(461)-9034-5815,Female,18158
Reuben Roller,Reuben_Roller@yahoo.com,1985-02-11 22:28:36.192600,+591(637)-7676-1391,Female,52358
Reynaldo Rhoads,Reynaldo_Rhoads@yahoo.com,2022-02-11 22:28:36.236600,+302(055)-8123-6212,Female,81665
Richard Bang,Richard_Bang@yahoo.com,2022-02-11 22:28:36.236600,+701(872)-0133-7913,Female,3138
Richard Blanton,Richard_Blanton@yahoo.com,2015-02-11 22:28:36.198600,+508(677)-2272-8549,Female,57053
Richard Brown,Richard_Brown@yahoo.com,2022-02-11 22:28:36.236600,+688(975)-0488-9358,Male,62339
Richard Contreras,Richard_Contreras@yahoo.com,2022-02-11 22:28:36.236600,+825(922)-0863-8948,Female,64785
Richard Liggins,Richard_Liggins@yahoo.com,1993-02-11 22:28:36.193600,+365(692)-0611-4429,Male,76456
Richard Martinez,Richard_Martinez@yahoo.com,1983-02-11 22:28:36.192600,+72(449)-6579-5121,Female,22155
Richard Munyon,Richard_Munyon@yahoo.com,2010-02-11 22:28:36.196600,+131(550)-6897-0008,Female,67898
Richard Oconnor,Richard_Oconnor@yahoo.com,2022-02-11 22:28:36.236600,+929(978)-6434-1730,Female,89603
Richard Plath,Richard_Plath@yahoo.com,2022-02-11 22:28:36.236600,+864(244)-4917-1520,Female,67256
Richard Steiner,Richard_Steiner@yahoo.com,2022-02-11 22:28:36.236600,+81(096)-0219-9746,Female,82609
Richard Thompson,Richard_Thompson@yahoo.com,2022-02-11 22:28:36.236600,+531(958)-8444-4918,Female,55892
Richard Wells,Richard_Wells@yahoo.com,2022-02-11 22:28:36.236600,+660(015)-8942-6334,Female,67646
Richard Weston,Richard_Weston@yahoo.com,2022-02-11 22:28:36.236600,+645(800)-8510-1026,Female,37164
Rick Bruner,Rick_Bruner@yahoo.com,2022-02-11 22:28:36.236600,+701(502)-1119-7923,Male,78932
Rick Stinson,Rick_Stinson@yahoo.com,2022-02-11 22:28:36.236600,+897(870)-0337-3481,Male,7605
Rita Kreisler,Rita_Kreisler@yahoo.com,2022-02-11 22:28:36.236600,+847(450)-2392-5025,Male,90184
Robbie Mckenzie,Robbie_Mckenzie@yahoo.com,2022-02-11 22:28:36.236600,+519(574)-9364-6728,Male,40560
Robbie Snavely,Robbie_Snavely@yahoo.com,2022-02-11 22:28:36.236600,+557(610)-6710-7389,Male,89628
Robert Coleman,Robert_Coleman@yahoo.com,1991-02-11 22:28:36.193600,+224(748)-4216-3896,Female,14448
Robert Diver,Robert_Diver@yahoo.com,1992-02-11 22:28:36.194600,+739(684)-9124-4956,Male,79408
Robert Gardner,Robert_Gardner@yahoo.com,1994-02-11 22:28:36.193600,+824(630)-7798-3943,Female,93440
Robert Harding,Robert_Harding@yahoo.com,2015-02-11 22:28:36.198600,+304(441)-9476-9265,Female,34926
Robert Robertson,Robert_Robertson@yahoo.com,2019-02-11 22:28:36.199600,+867(510)-8269-2314,Female,50294
Robert Scott,Robert_Scott@yahoo.com,2022-02-11 22:28:36.237600,+26(394)-9818-1360,Male,89979
Robert Scott,Robert_Scott@yahoo.com,2022-02-11 22:28:36.237600,+598(786)-7157-8639,Female,48891
Robert Tharp,Robert_Tharp@yahoo.com,2003-02-11 22:28:36.195600,+753(303)-7879-2678,Female,39201
Robert Wilson,Robert_Wilson@yahoo.com,2022-02-11 22:28:36.237600,+850(707)-2387-5529,Male,90276
Robin Scott,Robin_Scott@yahoo.com,2003-02-11 22:28:36.196600,+842(729)-2084-8140,Female,65381
Robin Williams,Robin_Williams@yahoo.com,2022-02-11 22:28:36.237600,+934(679)-0321-7297,Female,77578
Rocky Caton,Rocky_Caton@yahoo.com,2014-02-11 22:28:36.199600,+127(641)-9019-9112,Female,68934
Rocky Wightman,Rocky_Wightman@yahoo.com,2022-02-11 22:28:36.237600,+821(968)-2879-9205,Female,58418
Roderick Inciong,Roderick_Inciong@yahoo.com,1985-02-11 22:28:36.192600,+62(549)-8586-0086,Male,42856
Rodney Dutton,Rodney_Dutton@yahoo.com,2016-02-11 22:28:36.199600,+23(072)-0816-8736,Female,88677
Rodolfo Phillips,Rodolfo_Phillips@yahoo.com,2022-02-11 22:28:36.237600,+256(587)-3169-5296,Male,48418
Roger Clantz,Roger_Clantz@yahoo.com,2022-02-11 22:28:36.237600,+993(743)-8204-8040,Female,47748
Roger Daugherty,Roger_Daugherty@yahoo.com,2013-02-11 22:28:36.198600,+145(190)-4733-2752,Female,92765
Roland Baldwin,Roland_Baldwin@yahoo.com,2022-02-11 22:28:36.237600,+139(608)-8549-3740,Female,47234
Rolanda North,Rolanda_North@yahoo.com,2022-02-11 22:28:36.237600,+600(923)-1275-9329,Male,58746
Ronald Jackson,Ronald_Jackson@yahoo.com,2022-02-11 22:28:36.237600,+615(357)-4354-4890,Male,86881
Ronald Martinez,Ronald_Martinez@yahoo.com,2022-02-11 22:28:36.237600,+802(455)-5528-7704,Male,44567
Ronald Perez,Ronald_Perez@yahoo.com,1981-02-11 22:28:36.192600,+809(080)-7153-9957,Female,24848
Ronald Robinson,Ronald_Robinson@yahoo.com,2022-02-11 22:28:36.237600,+288(241)-4625-5144,Female,61694
Ronald Sheldon,Ronald_Sheldon@yahoo.com,2022-02-11 22:28:36.238600,+805(649)-3849-5707,Male,23759
Ronald Yates,Ronald_Yates@yahoo.com,1999-02-11 22:28:36.194600,+490(418)-3116-1147,Male,59001
Ronnie Morrow,Ronnie_Morrow@yahoo.com,2022-02-11 22:28:36.238600,+759(463)-1613-3880,Female,78260
Rosa Weatherspoon,Rosa_Weatherspoon@yahoo.com,2022-02-11 22:28:36.238600,+90(623)-2647-3490,Male,99176
Rose Murphy,Rose_Murphy@yahoo.com,2022-02-11 22:28:36.238600,+165(178)-3259-8582,Female,5521
Rose Pierce,Rose_Pierce@yahoo.com,1993-02-11 22:28:36.193600,+441(792)-8737-0018,Female,71318
Rosie Martinez,Rosie_Martinez@yahoo.com,2004-02-11 22:28:36.195600,+935(614)-9955-0132,Female,14477
Rosy Leon,Rosy_Leon@yahoo.com,1989-02-11 22:28:36.192600,+166(396)-3475-1837,Male,82259
Ruben Nguyen,Ruben_Nguyen@yahoo.com,1996-02-11 22:28:36.194600,+948(711)-8542-0131,Female,14854
Ruby Gillis,Ruby_Gillis@yahoo.com,2022-02-11 22:28:36.238600,+481(225)-7687-3666,Male,29442
Ruby Lopez,Ruby_Lopez@yahoo.com,2022-02-11 22:28:36.238600,+559(452)-5277-1900,Male,88237
Rufus Livengood,Rufus_Livengood@yahoo.com,2008-02-11 22:28:36.197600,+592(141)-7637-4253,Female,68616
Russell Bond,Russell_Bond@yahoo.com,1986-02-11 22:28:36.193600,+281(752)-7947-3230,Male,64933
Ruth Hemmen,Ruth_Hemmen@yahoo.com,2022-02-11 22:28:36.238600,+873(997)-9869-9954,Female,43563
Ruth Jackson,Ruth_Jackson@yahoo.com,2022-02-11 22:28:36.238600,+853(959)-5307-1996,Female,52811
Ruth Kuhn,Ruth_Kuhn@yahoo.com,2022-02-11 22:28:36.238600,+407(358)-9062-4233,Male,25958
Ruth Sturgill,Ruth_Sturgill@yahoo.com,2022-02-11 22:28:36.238600,+403(867)-1756-7900,Female,26897
Ryan Boyd,Ryan_Boyd@yahoo.com,1991-02-11 22:28:36.193600,+760(295)-7491-7178,Female,1531
Ryan Chaney,Ryan_Chaney@yahoo.com,2022-02-11 22:28:36.238600,+895(063)-3151-7357,Female,22136
Sabrina Grubb,Sabrina_Grubb@yahoo.com,2017-02-11 22:28:36.199600,+188(983)-8901-8438,Female,53838
Sally Love,Sally_Love@yahoo.com,2022-02-11 22:28:36.238600,+49(282)-5722-9838,Female,88252
Salvador Dittman,Salvador_Dittman@yahoo.com,2015-02-11 22:28:36.199600,+435(599)-9395-8159,Female,78676
Samantha Wightman,Samantha_Wightman@yahoo.com,2002-02-11 22:28:36.195600,+500(254)-6871-0656,Female,6950
Samuel Hollar,Samuel_Hollar@yahoo.com,2018-02-11 22:28:36.197600,+112(734)-2091-1866,Female,72364
Sandra Leach,Sandra_Leach@yahoo.com,2015-02-11 22:28:36.197600,+839(448)-0864-7244,Female,70543
Sandra Mcnair,Sandra_Mcnair@yahoo.com,2022-02-11 22:28:36.238600,+822(795)-4232-3279,Female,24449
Santos Sexton,Santos_Sexton@yahoo.com,2022-02-11 22:28:36.238600,+606(602)-9032-1675,Male,17432
Sara Hall,Sara_Hall@yahoo.com,2022-02-11 22:28:36.238600,+389(173)-7194-1113,Male,93329
Sara Hymes,Sara_Hymes@yahoo.com,2005-02-11 22:28:36.196600,+478(152)-1771-5658,Female,82171
Sarah Green,Sarah_Green@yahoo.com,2001-02-11 22:28:36.196600,+874(834)-6808-4057,Female,80276
Sarah Wallace,Sarah_Wallace@yahoo.com,2008-02-11 22:28:36.196600,+223(946)-1662-0038,Female,25725
Scott Abud,Scott_Abud@yahoo.com,2001-02-11 22:28:36.196600,+334(040)-8336-7386,Male,43087
Scott Ahrenholtz,Scott_Ahrenholtz@yahoo.com,2014-02-11 22:28:36.197600,+546(957)-1041-9768,Male,78498
Scott Bartlett,Scott_Bartlett@yahoo.com,2016-02-11 22:28:36.198600,+904(037)-0235-8021,Male,59812
Scott Bianchi,Scott_Bianchi@yahoo.com,2022-02-11 22:28:36.238600,+948(034)-9814-3004,Male,38301
Scott Harris,Scott_Harris@yahoo.com,2000-02-11 22:28:36.194600,+792(511)-0839-6261,Female,36179
Scott Kimbrough,Scott_Kimbrough@yahoo.com,2019-02-11 22:28:36.198600,+371(888)-1243-2277,Male,63423
Scott Ortiz,Scott_Ortiz@yahoo.com,2022-02-11 22:28:36.238600,+879(528)-0346-4481,Male,12794
Scott Sample,Scott_Sample@yahoo.com,2022-02-11 22:28:36.239600,+91(184)-6083-8258,Female,86450
Scott Stelmack,Scott_Stelmack@yahoo.com,1993-02-11 22:28:36.194600,+193(617)-3456-7938,Female,39718
Sean Heater,Sean_Heater@yahoo.com,1983-02-11 22:28:36.193600,+653(891)-8786-4109,Male,15906
Sean Wilson,Sean_Wilson@yahoo.com,2022-02-11 22:28:36.239600,+861(319)-3825-5019,Female,88488
Selma Oneil,Selma_Oneil@yahoo.com,2022-02-11 22:28:36.239600,+334(839)-9099-0366,Male,66067
Shameka Skinner,Shameka_Skinner@yahoo.com,2009-02-11 22:28:36.195600,+825(527)-6318-4811,Female,82807
Shaniqua Hairston,Shaniqua_Hairston@yahoo.com,2022-02-11 22:28:36.239600,+602(772)-2035-6453,Female,29730
Shannon Cavallo,Shannon_Cavallo@yahoo.com,2022-02-11 22:28:36.239600,+25(921)-8063-5875,Female,15293
Shannon Farrell,Shannon_Farrell@yahoo.com,2001-02-11 22:28:36.195600,+874(648)-4848-5130,Male,40999
Sharon Ealy,Sharon_Ealy@yahoo.com,2022-02-11 22:28:36.239600,+273(778)-4228-7365,Male,94009
Sharon Whiting,Sharon_Whiting@yahoo.com,1992-02-11 22:28:36.194600,+388(546)-5150-2070,Male,24345
Sheila Lewis,Sheila_Lewis@yahoo.com,1980-02-11 22:28:36.192600,+827(195)-4333-0340,Female,41850
Shelia Reed,Shelia_Reed@yahoo.com,2001-02-11 22:28:36.194600,+233(033)-7097-9224,Male,89829
Shelley Ambrose,Shelley_Ambrose@yahoo.com,2022-02-11 22:28:36.239600,+170(251)-0213-2823,Female,18264
Sherry Bowman,Sherry_Bowman@yahoo.com,2022-02-11 22:28:36.239600,+970(895)-5147-7520,Female,9578
Sheryl Pineiro,Sheryl_Pineiro@yahoo.com,2022-02-11 22:28:36.239600,+794(396)-3011-9234,Male,6466
Shirley Moss,Shirley_Moss@yahoo.com,2022-02-11 22:28:36.239600,+790(756)-7190-5199,Female,2754
Silvia Lunsford,Silvia_Lunsford@yahoo.com,2022-02-11 22:28:36.239600,+864(171)-3099-3317,Female,69079
Spencer Yamakawa,Spencer_Yamakawa@yahoo.com,2022-02-11 22:28:36.239600,+890(891)-1472-6798,Male,7521
Stacey Alexandra,Stacey_Alexandra@yahoo.com,1983-02-11 22:28:36.192600,+63(907)-6555-1137,Male,64408
Stacie Garcia,Stacie_Garcia@yahoo.com,2006-02-11 22:28:36.195600,+687(226)-3387-7259,Male,59546
Stacy Chipps,Stacy_Chipps@yahoo.com,2022-02-11 22:28:36.239600,+515(205)-9834-0006,Male,97116
Stacy Emerald,Stacy_Emerald@yahoo.com,1997-02-11 22:28:36.194600,+523(527)-9224-3985,Male,3229
Stacy Franklin,Stacy_Franklin@yahoo.com,1991-02-11 22:28:36.194600,+73(336)-3875-3954,Male,70219
Stacy Scipio,Stacy_Scipio@yahoo.com,2022-02-11 22:28:36.239600,+262(677)-2820-2486,Male,56576
Stanley Chapman,Stanley_Chapman@yahoo.com,2015-02-11 22:28:36.199600,+733(819)-4179-0185,Female,4152
Stanley Gutierrez,Stanley_Gutierrez@yahoo.com,2022-02-11 22:28:36.239600,+362(805)-9741-2493,Female,49594
Stanley Jackson,Stanley_Jackson@yahoo.com,2022-02-11 22:28:36.239600,+829(181)-2761-0691,Female,97194
Stanley Miller,Stanley_Miller@yahoo.com,2001-02-11 22:28:36.197600,+983(226)-1062-6099,Male,32951
Stephan Lindsey,Stephan_Lindsey@yahoo.com,2022-02-11 22:28:36.239600,+637(440)-4726-8878,Male,18347
Stephanie Anderson,Stephanie_Anderson@yahoo.com,2020-02-11 22:28:36.200600,+836(771)-5059-1799,Female,19082
Stephanie Kruger,Stephanie_Kruger@yahoo.com,2015-02-11 22:28:36.199600,+512(266)-5466-7475,Female,16334
Stephen Verdino,Stephen_Verdino@yahoo.com,1984-02-11 22:28:36.192600,+836(957)-0577-2933,Female,18594
Stephenie Moore,Stephenie_Moore@yahoo.com,2022-02-11 22:28:36.239600,+487(172)-2108-5086,Female,16734
Steven Howell,Steven_Howell@yahoo.com,2022-02-11 22:28:36.239600,+638(913)-5638-3967,Female,56151
Steven Knapp,Steven_Knapp@yahoo.com,1994-02-11 22:28:36.193600,+199(654)-6572-4117,Male,75670
Steven Odell,Steven_Odell@yahoo.com,2022-02-11 22:28:36.239600,+110(471)-7585-5688,Female,55023
Steven Sheets,Steven_Sheets@yahoo.com,2022-02-11 22:28:36.239600,+31(484)-4620-6478,Female,18055
Stewart Kinsinger,Stewart_Kinsinger@yahoo.com,2016-02-11 22:28:36.199600,+453(189)-8082-6798,Female,45084
Stuart Lincoln,Stuart_Lincoln@yahoo.com,1985-02-11 22:28:36.192600,+715(709)-2271-5971,Male,65390
Susan Chouinard,Susan_Chouinard@yahoo.com,2022-02-11 22:28:36.239600,+165(729)-4072-9069,Male,34061
Susan Puterbaugh,Susan_Puterbaugh@yahoo.com,2022-02-11 22:28:36.239600,+224(159)-2292-6427,Female,64005
Susan Way,Susan_Way@yahoo.com,2022-02-11 22:28:36.239600,+540(096)-8985-1939,Female,95883
Susana Gatlin,Susana_Gatlin@yahoo.com,2022-02-11 22:28:36.239600,+834(267)-8801-4658,Female,78639
Suzanne Shabel,Suzanne_Shabel@yahoo.com,2005-02-11 22:28:36.197600,+138(778)-2997-6930,Male,99869
Tamie Cowan,Tamie_Cowan@yahoo.com,2000-02-11 22:28:36.193600,+584(667)-1644-8131,Male,82995
Tamiko Hanauer,Tamiko_Hanauer@yahoo.com,2022-02-11 22:28:36.240600,+384(151)-6333-8001,Female,39659
Tammy Avila,Tammy_Avila@yahoo.com,2021-02-11 22:28:36.199600,+53(292)-1093-9907,Female,10647
Tara Larkin,Tara_Larkin@yahoo.com,2016-02-11 22:28:36.199600,+475(636)-5990-9869,Female,41941
Tarsha Cornett,Tarsha_Cornett@yahoo.com,2022-02-11 22:28:36.240600,+960(353)-6807-4469,Female,86210
Taylor Small,Taylor_Small@yahoo.com,2008-02-11 22:28:36.197600,+802(737)-5679-0474,Male,41063
Tayna Pantoja,Tayna_Pantoja@yahoo.com,2022-02-11 22:28:36.240600,+444(303)-9933-4820,Male,71916
Teresa Goodenow,Teresa_Goodenow@yahoo.com,2016-02-11 22:28:36.198600,+249(796)-4551-1479,Female,31262
Terrell Ritchie,Terrell_Ritchie@yahoo.com,2022-02-11 22:28:36.240600,+638(591)-5326-2880,Male,63236
Terry Brown,Terry_Brown@yahoo.com,1993-02-11 22:28:36.194600,+482(044)-7209-0450,Male,75845
Terry Judd,Terry_Judd@yahoo.com,2022-02-11 22:28:36.240600,+128(795)-1564-2762,Male,33828
Terry Taylor,Terry_Taylor@yahoo.com,2005-02-11 22:28:36.197600,+774(202)-7293-2520,Male,85700
Thelma Bull,Thelma_Bull@yahoo.com,1993-02-11 22:28:36.193600,+875(809)-6576-5174,Female,71532
Thelma Edelson,Thelma_Edelson@yahoo.com,2004-02-11 22:28:36.195600,+958(481)-6137-1025,Female,97834
Thelma Reed,Thelma_Reed@yahoo.com,2014-02-11 22:28:36.199600,+771(219)-1973-8319,Male,59904
Thomas Bays,Thomas_Bays@yahoo.com,2022-02-11 22:28:36.240600,+365(221)-2174-7307,Male,20945
Thomas Mcgill,Thomas_Mcgill@yahoo.com,2003-02-11 22:28:36.195600,+958(549)-1072-2664,Female,90491
Thomas Tucker,Thomas_Tucker@yahoo.com,1984-02-11 22:28:36.193600,+777(591)-9237-0385,Male,75510
Tiffany Davis,Tiffany_Davis@yahoo.com,2021-02-11 22:28:36.198600,+8(286)-8854-0912,Female,23259
Tiffany Meixner,Tiffany_Meixner@yahoo.com,2012-02-11 22:28:36.197600,+607(910)-4239-0907,Male,23475
Timothy Halbert,Timothy_Halbert@yahoo.com,2022-02-11 22:28:36.240600,+237(561)-6972-5855,Female,6135
Timothy Lee,Timothy_Lee@yahoo.com,2022-02-11 22:28:36.240600,+558(835)-0506-1831,Male,25921
Timothy Long,Timothy_Long@yahoo.com,2022-02-11 22:28:36.240600,+959(921)-5147-7858,Male,33630
Timothy May,Timothy_May@yahoo.com,2022-02-11 22:28:36.240600,+758(775)-0047-5229,Female,65708
Timothy Smith,Timothy_Smith@yahoo.com,2022-02-11 22:28:36.240600,+136(950)-8264-0467,Female,32185
Timothy Ulrich,Timothy_Ulrich@yahoo.com,2011-02-11 22:28:36.200600,+63(106)-5374-1639,Female,85877
Timothy Weakland,Timothy_Weakland@yahoo.com,2022-02-11 22:28:36.240600,+661(051)-5929-4468,Male,58383
Tom Randolph,Tom_Randolph@yahoo.com,2022-02-11 22:28:36.240600,+101(196)-0778-4187,Female,51342
Tom Williams,Tom_Williams@yahoo.com,2022-02-11 22:28:36.240600,+297(751)-2744-7882,Female,13109
Tomi Wiley,Tomi_Wiley@yahoo.com,2022-02-11 22:28:36.240600,+575(543)-6259-3716,Male,8383
Tony Wright,Tony_Wright@yahoo.com,1997-02-11 22:28:36.193600,+590(139)-2850-0471,Male,44489
Tracy Foster,Tracy_Foster@yahoo.com,2022-02-11 22:28:36.240600,+929(553)-1574-3126,Female,12841
Travis Jackson,Travis_Jackson@yahoo.com,2022-02-11 22:28:36.240600,+876(763)-0525-3912,Female,37175
Troy Bonawitz,Troy_Bonawitz@yahoo.com,2000-02-11 22:28:36.193600,+198(895)-7127-7468,Male,56276
Tyler Lee,Tyler_Lee@yahoo.com,2022-02-11 22:28:36.240600,+484(714)-0461-1718,Female,55331
Valerie Muniz,Valerie_Muniz@yahoo.com,2022-02-11 22:28:36.240600,+769(446)-0365-2138,Female,53641
Valerie Rieben,Valerie_Rieben@yahoo.com,1991-02-11 22:28:36.194600,+234(046)-8569-9778,Female,65570
Van Weber,Van_Weber@yahoo.com,2002-02-11 22:28:36.197600,+975(506)-7826-3805,Female,32686
Velma Caron,Velma_Caron@yahoo.com,1994-02-11 22:28:36.194600,+76(070)-6752-8448,Male,69473
Vera Murrieta,Vera_Murrieta@yahoo.com,1997-02-11 22:28:36.194600,+630(424)-5977-3545,Male,69452
Verda Mose,Verda_Mose@yahoo.com,1996-02-11 22:28:36.194600,+736(873)-8701-0310,Female,67715
Veronica Gregory,Veronica_Gregory@yahoo.com,2004-02-11 22:28:36.196600,+639(869)-3718-0179,Male,57563
Vicki Freeman,Vicki_Freeman@yahoo.com,2008-02-11 22:28:36.196600,+29(778)-8873-4591,Female,2191
Vicki Gray,Vicki_Gray@yahoo.com,2022-02-11 22:28:36.241600,+183(465)-1114-3773,Male,75952
Victor Bennett,Victor_Bennett@yahoo.com,2015-02-11 22:28:36.198600,+266(135)-0671-0899,Female,93922
Victor Nordes,Victor_Nordes@yahoo.com,2007-02-11 22:28:36.195600,+375(757)-8866-1571,Male,88580
Victoria Coyle,Victoria_Coyle@yahoo.com,2010-02-11 22:28:36.196600,+136(821)-6222-5707,Male,8840
Victoria Spillman,Victoria_Spillman@yahoo.com,2022-02-11 22:28:36.241600,+687(541)-8892-0506,Female,21623
Vincent Townsend,Vincent_Townsend@yahoo.com,2013-02-11 22:28:36.198600,+354(622)-5742-0686,Female,93294
Viola Stevens,Viola_Stevens@yahoo.com,2022-02-11 22:28:36.241600,+68(562)-5809-2709,Male,89650
Virginia Mitchell,Virginia_Mitchell@yahoo.com,2022-02-11 22:28:36.241600,+612(749)-9575-2504,Male,57256
Virginia Sumner,Virginia_Sumner@yahoo.com,2022-02-11 22:28:36.241600,+227(749)-7226-5528,Male,68466
Vita Ciocca,Vita_Ciocca@yahoo.com,2017-02-11 22:28:36.200600,+743(633)-7327-9465,Male,44125
Wanda Daugherty,Wanda_Daugherty@yahoo.com,1995-02-11 22:28:36.193600,+539(274)-7739-4951,Female,87693
Wanda Farnes,Wanda_Farnes@yahoo.com,2022-02-11 22:28:36.241600,+614(276)-2821-0624,Female,13264
Wanda Simmons,Wanda_Simmons@yahoo.com,2022-02-11 22:28:36.241600,+787(530)-1064-0666,Female,52825
Warner Saul,Warner_Saul@yahoo.com,2016-02-11 22:28:36.198600,+705(443)-4190-6643,Female,56796
Warren Seals,Warren_Seals@yahoo.com,2000-02-11 22:28:36.194600,+843(177)-4620-1058,Male,80512
Wayne Cross,Wayne_Cross@yahoo.com,2000-02-11 22:28:36.193600,+852(900)-9400-8610,Male,23951
Wendell Walker,Wendell_Walker@yahoo.com,2022-02-11 22:28:36.241600,+384(808)-7952-4580,Female,96352
Wendy Avant,Wendy_Avant@yahoo.com,1994-02-11 22:28:36.194600,+125(915)-9667-9832,Female,46716
Wendy More,Wendy_More@yahoo.com,1997-02-11 22:28:36.193600,+451(156)-1242-3911,Female,15050
Whitney Greenhoward,Whitney_Greenhoward@yahoo.com,2022-02-11 22:28:36.241600,+419(243)-5717-8478,Female,30961
Whitney Salzmann,Whitney_Salzmann@yahoo.com,2022-02-11 22:28:36.241600,+25(442)-1483-1570,Female,96801
Wilburn Simien,Wilburn_Simien@yahoo.com,2011-02-11 22:28:36.199600,+194(017)-9085-3557,Male,1555
William Blair,William_Blair@yahoo.com,2022-02-11 22:28:36.241600,+547(393)-8261-2248,Female,40518
William Decambra,William_Decambra@yahoo.com,1997-02-11 22:28:36.193600,+64(221)-7091-7369,Female,43473
William Diaz,William_Diaz@yahoo.com,2022-02-11 22:28:36.241600,+96(679)-4293-4848,Male,50965
William Donis,William_Donis@yahoo.com,2022-02-11 22:28:36.241600,+398(503)-3895-6135,Female,74287
William Feith,William_Feith@yahoo.com,2022-02-11 22:28:36.241600,+198(493)-4468-8658,Male,68115
William Greggs,William_Greggs@yahoo.com,2004-02-11 22:28:36.196600,+172(878)-0453-6741,Male,57952
William Guerra,William_Guerra@yahoo.com,2014-02-11 22:28:36.198600,+242(308)-8791-0337,Female,82254
William Jared,William_Jared@yahoo.com,1991-02-11 22:28:36.194600,+450(630)-9073-3249,Female,11795
William Kling,William_Kling@yahoo.com,2022-02-11 22:28:36.241600,+732(247)-8384-8860,Male,86673
William Nelson,William_Nelson@yahoo.com,2022-02-11 22:28:36.241600,+817(542)-0816-9840,Female,10938
William Reid,William_Reid@yahoo.com,2022-02-11 22:28:36.241600,+87(139)-8753-0653,Female,69722
William Rich,William_Rich@yahoo.com,2010-02-11 22:28:36.196600,+284(129)-6391-4640,Female,12755
William Scally,William_Scally@yahoo.com,1991-02-11 22:28:36.194600,+614(095)-0165-9064,Male,75720
William Stewart,William_Stewart@yahoo.com,2020-02-11 22:28:36.198600,+52(009)-0924-5008,Male,89602
Willie Saldana,Willie_Saldana@yahoo.com,2002-02-11 22:28:36.196600,+276(289)-9024-6475,Female,34582
Willie Scales,Willie_Scales@yahoo.com,2022-02-11 22:28:36.242600,+169(918)-0393-0909,Female,92534
Willie Stangl,Willie_Stangl@yahoo.com,2022-02-11 22:28:36.242600,+982(296)-7832-5641,Female,53801
Williemae Sowder,Williemae_Sowder@yahoo.com,2021-02-11 22:28:36.199600,+346(301)-5853-6905,Male,50307
Wm Craiger,Wm_Craiger@yahoo.com,2022-02-11 22:28:36.242600,+705(447)-4473-2932,Male,46931
Yolanda Farber,Yolanda_Farber@yahoo.com,2022-02-11 22:28:36.242600,+529(944)-1633-3660,Male,30582
Yvonne Maroney,Yvonne_Maroney@yahoo.com,2022-02-11 22:28:36.242600,+778(460)-4421-2407,Female,96347
Zack Kittell,Zack_Kittell@yahoo.com,2022-02-11 22:28:36.242600,+377(154)-8388-0755,Female,29144
Zelma Baird,Zelma_Baird@yahoo.com,2022-02-11 22:28:36.242600,+930(951)-2215-9419,Female,23785
