number,name,email,date
0,Randy Mcginnis,Randy_Mcginnis@yahoo.com,1988-02-11 22:28:36.192600
1,Ronald Perez,Ronald_Perez@yahoo.com,1981-02-11 22:28:36.192600
2,Gene Givens,Gene_Givens@yahoo.com,1990-02-11 22:28:36.192600
3,Roderick Inciong,Roderick_Inciong@yahoo.com,1985-02-11 22:28:36.192600
4,Stacey Alexandra,Stacey_Alexandra@yahoo.com,1983-02-11 22:28:36.192600
5,Homer Zielinski,Homer_Zielinski@yahoo.com,1981-02-11 22:28:36.192600
6,Floyd Hewitt,Floyd_Hewitt@yahoo.com,1986-02-11 22:28:36.192600
7,Leah Tademy,Leah_Tademy@yahoo.com,1985-02-11 22:28:36.192600
8,Dina Goering,Dina_Goering@yahoo.com,1983-02-11 22:28:36.192600
9,Betty Beaupre,Betty_Beaupre@yahoo.com,1989-02-11 22:28:36.192600
10,Matthew Skinner,Matthew_Skinner@yahoo.com,1983-02-11 22:28:36.192600
11,Matthew Guglielmo,Matthew_Guglielmo@yahoo.com,1990-02-11 22:28:36.192600
12,Elisabeth Odum,Elisabeth_Odum@yahoo.com,1986-02-11 22:28:36.192600
13,Beverly Pray,Beverly_Pray@yahoo.com,1990-02-11 22:28:36.192600
14,Richard Martinez,Richard_Martinez@yahoo.com,1983-02-11 22:28:36.192600
15,Sheila Lewis,Sheila_Lewis@yahoo.com,1980-02-11 22:28:36.192600
16,Stuart Lincoln,Stuart_Lincoln@yahoo.com,1985-02-11 22:28:36.192600
17,James Woloszyn,James_Woloszyn@yahoo.com,1981-02-11 22:28:36.192600
18,Stephen Verdino,Stephen_Verdino@yahoo.com,1984-02-11 22:28:36.192600
19,David Ries,David_Ries@yahoo.com,1980-02-11 22:28:36.192600
20,Joyce Gillikin,Joyce_Gillikin@yahoo.com,1988-02-11 22:28:36.192600
21,James Howard,James_Howard@yahoo.com,1988-02-11 22:28:36.192600
22,James Mcmillan,James_Mcmillan@yahoo.com,1983-02-11 22:28:36.192600
23,Caren Kish,Caren_Kish@yahoo.com,1990-02-11 22:28:36.192600
24,Eva Geise,Eva_Geise@yahoo.com,1981-02-11 22:28:36.192600
25,Michael Byers,Michael_Byers@yahoo.com,1990-02-11 22:28:36.192600
26,Patrick Jacobson,Patrick_Jacobson@yahoo.com,1982-02-11 22:28:36.192600
27,Mae Gilligan,Mae_Gilligan@yahoo.com,1986-02-11 22:28:36.192600
28,Lynn Hill,Lynn_Hill@yahoo.com,1990-02-11 22:28:36.192600
29,Jeffrey Martin,Jeffrey_Martin@yahoo.com,1986-02-11 22:28:36.192600
30,Rosy Leon,Rosy_Leon@yahoo.com,1989-02-11 22:28:36.192600
31,Jack Schaal,Jack_Schaal@yahoo.com,1982-02-11 22:28:36.192600
32,Phyllis Cable,Phyllis_Cable@yahoo.com,1985-02-11 22:28:36.192600
33,James Mcadam,James_Mcadam@yahoo.com,1989-02-11 22:28:36.192600
34,Megan Bullard,Megan_Bullard@yahoo.com,1982-02-11 22:28:36.192600
35,Joy Reaves,Joy_Reaves@yahoo.com,1983-02-11 22:28:36.192600
36,Evelyn Sanborn,Evelyn_Sanborn@yahoo.com,1988-02-11 22:28:36.192600
37,Paul Meinke,Paul_Meinke@yahoo.com,1980-02-11 22:28:36.192600
38,David Maher,David_Maher@yahoo.com,1980-02-11 22:28:36.192600
39,Albert Shaffer,Albert_Shaffer@yahoo.com,1984-02-11 22:28:36.192600
40,Howard Harvey,Howard_Harvey@yahoo.com,1984-02-11 22:28:36.192600
41,Reuben Roller,Reuben_Roller@yahoo.com,1985-02-11 22:28:36.192600
42,Dustin Fisher,Dustin_Fisher@yahoo.com,1990-02-11 22:28:36.192600
43,Russell Bond,Russell_Bond@yahoo.com,1986-02-11 22:28:36.193600
44,Sean Heater,Sean_Heater@yahoo.com,1983-02-11 22:28:36.193600
45,Brian Smith,Brian_Smith@yahoo.com,1980-02-11 22:28:36.193600
46,Peggy Kennedy,Peggy_Kennedy@yahoo.com,1987-02-11 22:28:36.193600
47,Jeff Smith,Jeff_Smith@yahoo.com,1984-02-11 22:28:36.193600
48,Thomas Tucker,Thomas_Tucker@yahoo.com,1984-02-11 22:28:36.193600
49,Manuel Penatac,Manuel_Penatac@yahoo.com,1989-02-11 22:28:36.193600
50,James Johnson,James_Johnson@yahoo.com,1994-02-11 22:28:36.193600
51,Anthony Deponte,Anthony_Deponte@yahoo.com,1997-02-11 22:28:36.193600
52,John Desantiago,John_Desantiago@yahoo.com,1996-02-11 22:28:36.193600
53,Mary Price,Mary_Price@yahoo.com,1997-02-11 22:28:36.193600
54,Ray Morehead,Ray_Morehead@yahoo.com,1998-02-11 22:28:36.193600
55,Penny Daschofsky,Penny_Daschofsky@yahoo.com,1997-02-11 22:28:36.193600
56,Tamie Cowan,Tamie_Cowan@yahoo.com,2000-02-11 22:28:36.193600
57,Donald Ansari,Donald_Ansari@yahoo.com,1998-02-11 22:28:36.193600
58,James Deleon,James_Deleon@yahoo.com,1993-02-11 22:28:36.193600
59,Donald Mcgregor,Donald_Mcgregor@yahoo.com,1997-02-11 22:28:36.193600
60,Martin Delaney,Martin_Delaney@yahoo.com,1995-02-11 22:28:36.193600
61,Marian Shaw,Marian_Shaw@yahoo.com,1999-02-11 22:28:36.193600
62,Kenneth Hurley,Kenneth_Hurley@yahoo.com,1994-02-11 22:28:36.193600
63,Gail Lee,Gail_Lee@yahoo.com,1998-02-11 22:28:36.193600
64,Amy York,Amy_York@yahoo.com,1994-02-11 22:28:36.193600
65,Ryan Boyd,Ryan_Boyd@yahoo.com,1991-02-11 22:28:36.193600
66,William Decambra,William_Decambra@yahoo.com,1997-02-11 22:28:36.193600
67,Christopher Pollard,Christopher_Pollard@yahoo.com,1999-02-11 22:28:36.193600
68,Jack Roach,Jack_Roach@yahoo.com,1993-02-11 22:28:36.193600
69,Demetrius Phillips,Demetrius_Phillips@yahoo.com,1996-02-11 22:28:36.193600
70,Thelma Bull,Thelma_Bull@yahoo.com,1993-02-11 22:28:36.193600
71,Jami Dang,Jami_Dang@yahoo.com,1994-02-11 22:28:36.193600
72,Donald Cabrera,Donald_Cabrera@yahoo.com,1992-02-11 22:28:36.193600
73,Bryan Mcnabb,Bryan_Mcnabb@yahoo.com,1998-02-11 22:28:36.193600
74,Wayne Cross,Wayne_Cross@yahoo.com,2000-02-11 22:28:36.193600
75,Kimberly Dueber,Kimberly_Dueber@yahoo.com,1993-02-11 22:28:36.193600
76,Robert Coleman,Robert_Coleman@yahoo.com,1991-02-11 22:28:36.193600
77,Steven Knapp,Steven_Knapp@yahoo.com,1994-02-11 22:28:36.193600
78,Troy Bonawitz,Troy_Bonawitz@yahoo.com,2000-02-11 22:28:36.193600
79,Esteban Taylor,Esteban_Taylor@yahoo.com,1991-02-11 22:28:36.193600
80,Adrienne Perez,Adrienne_Perez@yahoo.com,1997-02-11 22:28:36.193600
81,Glenda Kemper,Glenda_Kemper@yahoo.com,1995-02-11 22:28:36.193600
82,Wendy More,Wendy_More@yahoo.com,1997-02-11 22:28:36.193600
83,Richard Liggins,Richard_Liggins@yahoo.com,1993-02-11 22:28:36.193600
84,Nereida Plummer,Nereida_Plummer@yahoo.com,1996-02-11 22:28:36.193600
85,Matthew Wise,Matthew_Wise@yahoo.com,1997-02-11 22:28:36.193600
86,Robert Gardner,Robert_Gardner@yahoo.com,1994-02-11 22:28:36.193600
87,Nancy Helms,Nancy_Helms@yahoo.com,1995-02-11 22:28:36.193600
88,Lisa Hester,Lisa_Hester@yahoo.com,1998-02-11 22:28:36.193600
89,Tony Wright,Tony_Wright@yahoo.com,1997-02-11 22:28:36.193600
90,Michael Purcell,Michael_Purcell@yahoo.com,2000-02-11 22:28:36.193600
91,Cheryl Byrd,Cheryl_Byrd@yahoo.com,1995-02-11 22:28:36.193600
92,Eunice Zamora,Eunice_Zamora@yahoo.com,1999-02-11 22:28:36.193600
93,Rose Pierce,Rose_Pierce@yahoo.com,1993-02-11 22:28:36.193600
94,Lisa Owens,Lisa_Owens@yahoo.com,1999-02-11 22:28:36.193600
95,Ida Jones,Ida_Jones@yahoo.com,1992-02-11 22:28:36.193600
96,Minh Collins,Minh_Collins@yahoo.com,1996-02-11 22:28:36.193600
97,Wanda Daugherty,Wanda_Daugherty@yahoo.com,1995-02-11 22:28:36.193600
98,Mary Wahlstrom,Mary_Wahlstrom@yahoo.com,1995-02-11 22:28:36.193600
99,Elmer Bono,Elmer_Bono@yahoo.com,1992-02-11 22:28:36.193600
100,John Clarke,John_Clarke@yahoo.com,1992-02-11 22:28:36.193600
101,Cynthia Posas,Cynthia_Posas@yahoo.com,1992-02-11 22:28:36.193600
102,Donnell Fisher,Donnell_Fisher@yahoo.com,1997-02-11 22:28:36.194600
103,Jared Kershaw,Jared_Kershaw@yahoo.com,1991-02-11 22:28:36.194600
104,John Ferguson,John_Ferguson@yahoo.com,1998-02-11 22:28:36.194600
105,Kevin Maldonado,Kevin_Maldonado@yahoo.com,1991-02-11 22:28:36.194600
106,Stacy Emerald,Stacy_Emerald@yahoo.com,1997-02-11 22:28:36.194600
107,Dennis Dixon,Dennis_Dixon@yahoo.com,1996-02-11 22:28:36.194600
108,Scott Stelmack,Scott_Stelmack@yahoo.com,1993-02-11 22:28:36.194600
109,Terry Brown,Terry_Brown@yahoo.com,1993-02-11 22:28:36.194600
110,Barbara Riley,Barbara_Riley@yahoo.com,1994-02-11 22:28:36.194600
111,Douglas Rico,Douglas_Rico@yahoo.com,1991-02-11 22:28:36.194600
112,James Higgins,James_Higgins@yahoo.com,1991-02-11 22:28:36.194600
113,Warren Seals,Warren_Seals@yahoo.com,2000-02-11 22:28:36.194600
114,Ronald Yates,Ronald_Yates@yahoo.com,1999-02-11 22:28:36.194600
115,Scott Harris,Scott_Harris@yahoo.com,2000-02-11 22:28:36.194600
116,Charles Perez,Charles_Perez@yahoo.com,1999-02-11 22:28:36.194600
117,Jeffrey Schuld,Jeffrey_Schuld@yahoo.com,1992-02-11 22:28:36.194600
118,Daniel Ryan,Daniel_Ryan@yahoo.com,1991-02-11 22:28:36.194600
119,Stacy Franklin,Stacy_Franklin@yahoo.com,1991-02-11 22:28:36.194600
120,Joan Cannon,Joan_Cannon@yahoo.com,1996-02-11 22:28:36.194600
121,James Parker,James_Parker@yahoo.com,1993-02-11 22:28:36.194600
122,Vera Murrieta,Vera_Murrieta@yahoo.com,1997-02-11 22:28:36.194600
123,William Scally,William_Scally@yahoo.com,1991-02-11 22:28:36.194600
124,Ruben Nguyen,Ruben_Nguyen@yahoo.com,1996-02-11 22:28:36.194600
125,Valerie Rieben,Valerie_Rieben@yahoo.com,1991-02-11 22:28:36.194600
126,Velma Caron,Velma_Caron@yahoo.com,1994-02-11 22:28:36.194600
127,James Mettler,James_Mettler@yahoo.com,1998-02-11 22:28:36.194600
128,Beatrice Hart,Beatrice_Hart@yahoo.com,1991-02-11 22:28:36.194600
129,Maria Lipford,Maria_Lipford@yahoo.com,1992-02-11 22:28:36.194600
130,Adrian Maass,Adrian_Maass@yahoo.com,1996-02-11 22:28:36.194600
131,Caroline Wagstaff,Caroline_Wagstaff@yahoo.com,1991-02-11 22:28:36.194600
132,Maryann Hicks,Maryann_Hicks@yahoo.com,1995-02-11 22:28:36.194600
133,Kendall Smith,Kendall_Smith@yahoo.com,1998-02-11 22:28:36.194600
134,Robert Diver,Robert_Diver@yahoo.com,1992-02-11 22:28:36.194600
135,Sharon Whiting,Sharon_Whiting@yahoo.com,1992-02-11 22:28:36.194600
136,Charles Mcbee,Charles_Mcbee@yahoo.com,1999-02-11 22:28:36.194600
137,Alex Davis,Alex_Davis@yahoo.com,1997-02-11 22:28:36.194600
138,William Jared,William_Jared@yahoo.com,1991-02-11 22:28:36.194600
139,John Caceres,John_Caceres@yahoo.com,1996-02-11 22:28:36.194600
140,Debbie Tharp,Debbie_Tharp@yahoo.com,1999-02-11 22:28:36.194600
141,Felicia Smith,Felicia_Smith@yahoo.com,1994-02-11 22:28:36.194600
142,Verda Mose,Verda_Mose@yahoo.com,1996-02-11 22:28:36.194600
143,Elizabeth Kauffman,Elizabeth_Kauffman@yahoo.com,1992-02-11 22:28:36.194600
144,Wendy Avant,Wendy_Avant@yahoo.com,1994-02-11 22:28:36.194600
145,Eleanor Heckard,Eleanor_Heckard@yahoo.com,1994-02-11 22:28:36.194600
146,Earl Parks,Earl_Parks@yahoo.com,1999-02-11 22:28:36.194600
147,Joyce Nickel,Joyce_Nickel@yahoo.com,1994-02-11 22:28:36.194600
148,Gilbert Singleton,Gilbert_Singleton@yahoo.com,2000-02-11 22:28:36.194600
149,Jason Johnson,Jason_Johnson@yahoo.com,2000-02-11 22:28:36.194600
150,Katie Burk,Katie_Burk@yahoo.com,2009-02-11 22:28:36.194600
151,Brenda Praino,Brenda_Praino@yahoo.com,2002-02-11 22:28:36.194600
152,Esther Wilson,Esther_Wilson@yahoo.com,2010-02-11 22:28:36.194600
153,Myrtle Pelton,Myrtle_Pelton@yahoo.com,2006-02-11 22:28:36.194600
154,Maria Blankenship,Maria_Blankenship@yahoo.com,2005-02-11 22:28:36.194600
155,Lois Scott,Lois_Scott@yahoo.com,2001-02-11 22:28:36.194600
156,Kelly Anderson,Kelly_Anderson@yahoo.com,2009-02-11 22:28:36.194600
157,Laura Pena,Laura_Pena@yahoo.com,2002-02-11 22:28:36.194600
158,Darlene Wilson,Darlene_Wilson@yahoo.com,2004-02-11 22:28:36.194600
159,Norman Glasper,Norman_Glasper@yahoo.com,2010-02-11 22:28:36.194600
160,Shelia Reed,Shelia_Reed@yahoo.com,2001-02-11 22:28:36.194600
161,Glady Ginn,Glady_Ginn@yahoo.com,2004-02-11 22:28:36.195600
162,Cynthia Lewis,Cynthia_Lewis@yahoo.com,2005-02-11 22:28:36.195600
163,Thelma Edelson,Thelma_Edelson@yahoo.com,2004-02-11 22:28:36.195600
164,Nicholas Avila,Nicholas_Avila@yahoo.com,2005-02-11 22:28:36.195600
165,Lois Slowinski,Lois_Slowinski@yahoo.com,2009-02-11 22:28:36.195600
166,Christopher Hines,Christopher_Hines@yahoo.com,2006-02-11 22:28:36.195600
167,Grace Miller,Grace_Miller@yahoo.com,2006-02-11 22:28:36.195600
168,Beverly Stark,Beverly_Stark@yahoo.com,2007-02-11 22:28:36.195600
169,Victor Nordes,Victor_Nordes@yahoo.com,2007-02-11 22:28:36.195600
170,George Carter,George_Carter@yahoo.com,2006-02-11 22:28:36.195600
171,Robert Tharp,Robert_Tharp@yahoo.com,2003-02-11 22:28:36.195600
172,Elizabeth Newman,Elizabeth_Newman@yahoo.com,2005-02-11 22:28:36.195600
173,Cathleen Spurlin,Cathleen_Spurlin@yahoo.com,2010-02-11 22:28:36.195600
174,Andrew Sweigart,Andrew_Sweigart@yahoo.com,2001-02-11 22:28:36.195600
175,Samantha Wightman,Samantha_Wightman@yahoo.com,2002-02-11 22:28:36.195600
176,Mary Rascoe,Mary_Rascoe@yahoo.com,2007-02-11 22:28:36.195600
177,Andres Gettinger,Andres_Gettinger@yahoo.com,2005-02-11 22:28:36.195600
178,Debra Mayes,Debra_Mayes@yahoo.com,2005-02-11 22:28:36.195600
179,Joseph Mcdaniel,Joseph_Mcdaniel@yahoo.com,2001-02-11 22:28:36.195600
180,James Petit,James_Petit@yahoo.com,2007-02-11 22:28:36.195600
181,Kathleen Johnson,Kathleen_Johnson@yahoo.com,2006-02-11 22:28:36.195600
182,Kyle Pinegar,Kyle_Pinegar@yahoo.com,2009-02-11 22:28:36.195600
183,Thomas Mcgill,Thomas_Mcgill@yahoo.com,2003-02-11 22:28:36.195600
184,Heather Dublin,Heather_Dublin@yahoo.com,2009-02-11 22:28:36.195600
185,Forest Nova,Forest_Nova@yahoo.com,2009-02-11 22:28:36.195600
186,Leah Carter,Leah_Carter@yahoo.com,2008-02-11 22:28:36.195600
187,Pat Jolly,Pat_Jolly@yahoo.com,2002-02-11 22:28:36.195600
188,Joy Overshown,Joy_Overshown@yahoo.com,2006-02-11 22:28:36.195600
189,Anna Adair,Anna_Adair@yahoo.com,2001-02-11 22:28:36.195600
190,Ann Clark,Ann_Clark@yahoo.com,2005-02-11 22:28:36.195600
191,Mildred Renolds,Mildred_Renolds@yahoo.com,2002-02-11 22:28:36.195600
192,Stacie Garcia,Stacie_Garcia@yahoo.com,2006-02-11 22:28:36.195600
193,Jacqueline Reed,Jacqueline_Reed@yahoo.com,2010-02-11 22:28:36.195600
194,Peter Savage,Peter_Savage@yahoo.com,2003-02-11 22:28:36.195600
195,David Stewart,David_Stewart@yahoo.com,2007-02-11 22:28:36.195600
196,Leo Ayala,Leo_Ayala@yahoo.com,2002-02-11 22:28:36.195600
197,Pamela Fox,Pamela_Fox@yahoo.com,2001-02-11 22:28:36.195600
198,Shannon Farrell,Shannon_Farrell@yahoo.com,2001-02-11 22:28:36.195600
199,Michael Mcgowan,Michael_Mcgowan@yahoo.com,2004-02-11 22:28:36.195600
200,Shameka Skinner,Shameka_Skinner@yahoo.com,2009-02-11 22:28:36.195600
201,Josh Lucas,Josh_Lucas@yahoo.com,2007-02-11 22:28:36.195600
202,Rosie Martinez,Rosie_Martinez@yahoo.com,2004-02-11 22:28:36.195600
203,Paul Phillips,Paul_Phillips@yahoo.com,2010-02-11 22:28:36.195600
204,Mark Brookskennedy,Mark_Brookskennedy@yahoo.com,2005-02-11 22:28:36.195600
205,David Henderson,David_Henderson@yahoo.com,2004-02-11 22:28:36.195600
206,Eleanor Howard,Eleanor_Howard@yahoo.com,2004-02-11 22:28:36.195600
207,Grace Green,Grace_Green@yahoo.com,2008-02-11 22:28:36.195600
208,Christopher Richard,Christopher_Richard@yahoo.com,2008-02-11 22:28:36.195600
209,Paul Gallegos,Paul_Gallegos@yahoo.com,2007-02-11 22:28:36.195600
210,Abigail Turkus,Abigail_Turkus@yahoo.com,2009-02-11 22:28:36.195600
211,Agnes Dampier,Agnes_Dampier@yahoo.com,2008-02-11 22:28:36.195600
212,Natalie Scott,Natalie_Scott@yahoo.com,2002-02-11 22:28:36.195600
213,David Castillo,David_Castillo@yahoo.com,2001-02-11 22:28:36.195600
214,Gonzalo Adams,Gonzalo_Adams@yahoo.com,2009-02-11 22:28:36.195600
215,Maria Herndon,Maria_Herndon@yahoo.com,2009-02-11 22:28:36.195600
216,Peggy Murphy,Peggy_Murphy@yahoo.com,2004-02-11 22:28:36.195600
217,Joesph Hixon,Joesph_Hixon@yahoo.com,2007-02-11 22:28:36.195600
218,Darren Madrid,Darren_Madrid@yahoo.com,2006-02-11 22:28:36.195600
219,Lashunda Mack,Lashunda_Mack@yahoo.com,2003-02-11 22:28:36.195600
220,Constance Nash,Constance_Nash@yahoo.com,2003-02-11 22:28:36.196600
221,Alice Naylor,Alice_Naylor@yahoo.com,2004-02-11 22:28:36.196600
222,Gwendolyn Kelly,Gwendolyn_Kelly@yahoo.com,2010-02-11 22:28:36.196600
223,Michael Garrett,Michael_Garrett@yahoo.com,2008-02-11 22:28:36.196600
224,Jerry Woodward,Jerry_Woodward@yahoo.com,2003-02-11 22:28:36.196600
225,Sara Hymes,Sara_Hymes@yahoo.com,2005-02-11 22:28:36.196600
226,Gregory Breaux,Gregory_Breaux@yahoo.com,2005-02-11 22:28:36.196600
227,Clarence Roberts,Clarence_Roberts@yahoo.com,2001-02-11 22:28:36.196600
228,Matthew Porte,Matthew_Porte@yahoo.com,2008-02-11 22:28:36.196600
229,Christopher Scott,Christopher_Scott@yahoo.com,2010-02-11 22:28:36.196600
230,Mickey Tizon,Mickey_Tizon@yahoo.com,2010-02-11 22:28:36.196600
231,Francisco Powell,Francisco_Powell@yahoo.com,2008-02-11 22:28:36.196600
232,Anthony Hiller,Anthony_Hiller@yahoo.com,2003-02-11 22:28:36.196600
233,Barton Wick,Barton_Wick@yahoo.com,2004-02-11 22:28:36.196600
234,William Rich,William_Rich@yahoo.com,2010-02-11 22:28:36.196600
235,Jose King,Jose_King@yahoo.com,2005-02-11 22:28:36.196600
236,Frieda Kavanagh,Frieda_Kavanagh@yahoo.com,2008-02-11 22:28:36.196600
237,Mariann Boone,Mariann_Boone@yahoo.com,2003-02-11 22:28:36.196600
238,Jeffrey Preston,Jeffrey_Preston@yahoo.com,2009-02-11 22:28:36.196600
239,Paul Haynes,Paul_Haynes@yahoo.com,2005-02-11 22:28:36.196600
240,Glenn Page,Glenn_Page@yahoo.com,2002-02-11 22:28:36.196600
241,Robin Scott,Robin_Scott@yahoo.com,2003-02-11 22:28:36.196600
242,Carolyn Darling,Carolyn_Darling@yahoo.com,2002-02-11 22:28:36.196600
243,Cheryl Dwaileebe,Cheryl_Dwaileebe@yahoo.com,2003-02-11 22:28:36.196600
244,Carrie Banda,Carrie_Banda@yahoo.com,2003-02-11 22:28:36.196600
245,Willie Saldana,Willie_Saldana@yahoo.com,2002-02-11 22:28:36.196600
246,Frances Garis,Frances_Garis@yahoo.com,2006-02-11 22:28:36.196600
247,Sarah Green,Sarah_Green@yahoo.com,2001-02-11 22:28:36.196600
248,Henrietta Tiller,Henrietta_Tiller@yahoo.com,2006-02-11 22:28:36.196600
249,Vicki Freeman,Vicki_Freeman@yahoo.com,2008-02-11 22:28:36.196600
250,Billie Tomlinson,Billie_Tomlinson@yahoo.com,2004-02-11 22:28:36.196600
251,Sarah Wallace,Sarah_Wallace@yahoo.com,2008-02-11 22:28:36.196600
252,Scott Abud,Scott_Abud@yahoo.com,2001-02-11 22:28:36.196600
253,Elenora Anderson,Elenora_Anderson@yahoo.com,2009-02-11 22:28:36.196600
254,Jessica Parr,Jessica_Parr@yahoo.com,2008-02-11 22:28:36.196600
255,Raymond Poll,Raymond_Poll@yahoo.com,2001-02-11 22:28:36.196600
256,James Hartford,James_Hartford@yahoo.com,2009-02-11 22:28:36.196600
257,Veronica Gregory,Veronica_Gregory@yahoo.com,2004-02-11 22:28:36.196600
258,Connie Cruz,Connie_Cruz@yahoo.com,2005-02-11 22:28:36.196600
259,Kristy Householder,Kristy_Householder@yahoo.com,2003-02-11 22:28:36.196600
260,Julia Miller,Julia_Miller@yahoo.com,2001-02-11 22:28:36.196600
261,Kevin Tetreault,Kevin_Tetreault@yahoo.com,2001-02-11 22:28:36.196600
262,Louis Hernandez,Louis_Hernandez@yahoo.com,2005-02-11 22:28:36.196600
263,Richard Munyon,Richard_Munyon@yahoo.com,2010-02-11 22:28:36.196600
264,Leonard Mello,Leonard_Mello@yahoo.com,2007-02-11 22:28:36.196600
265,Mark Loftin,Mark_Loftin@yahoo.com,2001-02-11 22:28:36.196600
266,Denise Vaughn,Denise_Vaughn@yahoo.com,2005-02-11 22:28:36.196600
267,William Greggs,William_Greggs@yahoo.com,2004-02-11 22:28:36.196600
268,Victoria Coyle,Victoria_Coyle@yahoo.com,2010-02-11 22:28:36.196600
269,Joseph Jaco,Joseph_Jaco@yahoo.com,2009-02-11 22:28:36.196600
270,John Carr,John_Carr@yahoo.com,2010-02-11 22:28:36.196600
271,Clinton Scott,Clinton_Scott@yahoo.com,2008-02-11 22:28:36.197600
272,David Olivas,David_Olivas@yahoo.com,2009-02-11 22:28:36.197600
273,Terry Taylor,Terry_Taylor@yahoo.com,2005-02-11 22:28:36.197600
274,James Robinson,James_Robinson@yahoo.com,2003-02-11 22:28:36.197600
275,Curtis Baham,Curtis_Baham@yahoo.com,2005-02-11 22:28:36.197600
276,Carlos George,Carlos_George@yahoo.com,2005-02-11 22:28:36.197600
277,Ernie Lilley,Ernie_Lilley@yahoo.com,2009-02-11 22:28:36.197600
278,Van Weber,Van_Weber@yahoo.com,2002-02-11 22:28:36.197600
279,Lawrence Louie,Lawrence_Louie@yahoo.com,2002-02-11 22:28:36.197600
280,Norma Smith,Norma_Smith@yahoo.com,2010-02-11 22:28:36.197600
281,Esperanza Kelly,Esperanza_Kelly@yahoo.com,2009-02-11 22:28:36.197600
282,Edith Mccrea,Edith_Mccrea@yahoo.com,2009-02-11 22:28:36.197600
283,Raul Cassidy,Raul_Cassidy@yahoo.com,2010-02-11 22:28:36.197600
284,Lawrence Butler,Lawrence_Butler@yahoo.com,2002-02-11 22:28:36.197600
285,Suzanne Shabel,Suzanne_Shabel@yahoo.com,2005-02-11 22:28:36.197600
286,Rufus Livengood,Rufus_Livengood@yahoo.com,2008-02-11 22:28:36.197600
287,Mary Laskey,Mary_Laskey@yahoo.com,2004-02-11 22:28:36.197600
288,Angela Linville,Angela_Linville@yahoo.com,2006-02-11 22:28:36.197600
289,Stanley Miller,Stanley_Miller@yahoo.com,2001-02-11 22:28:36.197600
290,Julie Hudson,Julie_Hudson@yahoo.com,2006-02-11 22:28:36.197600
291,Pamela Suarez,Pamela_Suarez@yahoo.com,2002-02-11 22:28:36.197600
292,Henry Pursley,Henry_Pursley@yahoo.com,2005-02-11 22:28:36.197600
293,Michael Campbell,Michael_Campbell@yahoo.com,2009-02-11 22:28:36.197600
294,Taylor Small,Taylor_Small@yahoo.com,2008-02-11 22:28:36.197600
295,Rafael Santiago,Rafael_Santiago@yahoo.com,2005-02-11 22:28:36.197600
296,Larry Sayle,Larry_Sayle@yahoo.com,2003-02-11 22:28:36.197600
297,Ralph Pentek,Ralph_Pentek@yahoo.com,2008-02-11 22:28:36.197600
298,George Yandell,George_Yandell@yahoo.com,2010-02-11 22:28:36.197600
299,Matthew Bookman,Matthew_Bookman@yahoo.com,2008-02-11 22:28:36.197600
300,Danyelle Segura,Danyelle_Segura@yahoo.com,2018-02-11 22:28:36.197600
301,Nenita Jackson,Nenita_Jackson@yahoo.com,2013-02-11 22:28:36.197600
302,Miriam Davis,Miriam_Davis@yahoo.com,2017-02-11 22:28:36.197600
303,Katherine Pruiett,Katherine_Pruiett@yahoo.com,2018-02-11 22:28:36.197600
304,John Stroud,John_Stroud@yahoo.com,2013-02-11 22:28:36.197600
305,Kathleen Lites,Kathleen_Lites@yahoo.com,2019-02-11 22:28:36.197600
306,Elizabeth Rosenberg,Elizabeth_Rosenberg@yahoo.com,2013-02-11 22:28:36.197600
307,Grant Bash,Grant_Bash@yahoo.com,2014-02-11 22:28:36.197600
308,Gerald Saxton,Gerald_Saxton@yahoo.com,2020-02-11 22:28:36.197600
309,Jennifer Jackson,Jennifer_Jackson@yahoo.com,2019-02-11 22:28:36.197600
310,Lynn Daily,Lynn_Daily@yahoo.com,2014-02-11 22:28:36.197600
311,Frank Phelan,Frank_Phelan@yahoo.com,2017-02-11 22:28:36.197600
312,Scott Ahrenholtz,Scott_Ahrenholtz@yahoo.com,2014-02-11 22:28:36.197600
313,Sandra Leach,Sandra_Leach@yahoo.com,2015-02-11 22:28:36.197600
314,Barbara Isom,Barbara_Isom@yahoo.com,2018-02-11 22:28:36.197600
315,David Thier,David_Thier@yahoo.com,2016-02-11 22:28:36.197600
316,Dianne Scott,Dianne_Scott@yahoo.com,2021-02-11 22:28:36.197600
317,Tiffany Meixner,Tiffany_Meixner@yahoo.com,2012-02-11 22:28:36.197600
318,Aida Wilson,Aida_Wilson@yahoo.com,2012-02-11 22:28:36.197600
319,Jerrold Shafer,Jerrold_Shafer@yahoo.com,2018-02-11 22:28:36.197600
320,Deandre Stoner,Deandre_Stoner@yahoo.com,2021-02-11 22:28:36.197600
321,Samuel Hollar,Samuel_Hollar@yahoo.com,2018-02-11 22:28:36.197600
322,Diana Brown,Diana_Brown@yahoo.com,2018-02-11 22:28:36.197600
323,Debbie Person,Debbie_Person@yahoo.com,2015-02-11 22:28:36.197600
324,Luther Sanders,Luther_Sanders@yahoo.com,2021-02-11 22:28:36.197600
325,Charles Charles,Charles_Charles@yahoo.com,2013-02-11 22:28:36.197600
326,Emory Castaneda,Emory_Castaneda@yahoo.com,2016-02-11 22:28:36.197600
327,Mary Wright,Mary_Wright@yahoo.com,2012-02-11 22:28:36.197600
328,Angela Robinson,Angela_Robinson@yahoo.com,2016-02-11 22:28:36.197600
329,Vincent Townsend,Vincent_Townsend@yahoo.com,2013-02-11 22:28:36.198600
330,William Guerra,William_Guerra@yahoo.com,2014-02-11 22:28:36.198600
331,Frank Simpson,Frank_Simpson@yahoo.com,2011-02-11 22:28:36.198600
332,Harold Dilorenzo,Harold_Dilorenzo@yahoo.com,2011-02-11 22:28:36.198600
333,David Conner,David_Conner@yahoo.com,2014-02-11 22:28:36.198600
334,Amy Demateo,Amy_Demateo@yahoo.com,2012-02-11 22:28:36.198600
335,Rebecca Lanza,Rebecca_Lanza@yahoo.com,2018-02-11 22:28:36.198600
336,Derrick Mulvey,Derrick_Mulvey@yahoo.com,2019-02-11 22:28:36.198600
337,Diane Moran,Diane_Moran@yahoo.com,2011-02-11 22:28:36.198600
338,Scott Bartlett,Scott_Bartlett@yahoo.com,2016-02-11 22:28:36.198600
339,Juan Bates,Juan_Bates@yahoo.com,2021-02-11 22:28:36.198600
340,Roger Daugherty,Roger_Daugherty@yahoo.com,2013-02-11 22:28:36.198600
341,Tiffany Davis,Tiffany_Davis@yahoo.com,2021-02-11 22:28:36.198600
342,Robert Harding,Robert_Harding@yahoo.com,2015-02-11 22:28:36.198600
343,Scott Kimbrough,Scott_Kimbrough@yahoo.com,2019-02-11 22:28:36.198600
344,Belinda Pearman,Belinda_Pearman@yahoo.com,2019-02-11 22:28:36.198600
345,Michelle Dillard,Michelle_Dillard@yahoo.com,2012-02-11 22:28:36.198600
346,Teresa Goodenow,Teresa_Goodenow@yahoo.com,2016-02-11 22:28:36.198600
347,Lindsey Farrell,Lindsey_Farrell@yahoo.com,2016-02-11 22:28:36.198600
348,Marjory Bower,Marjory_Bower@yahoo.com,2014-02-11 22:28:36.198600
349,Alisha Brown,Alisha_Brown@yahoo.com,2011-02-11 22:28:36.198600
350,Victor Bennett,Victor_Bennett@yahoo.com,2015-02-11 22:28:36.198600
351,Richard Blanton,Richard_Blanton@yahoo.com,2015-02-11 22:28:36.198600
352,James Kennedy,James_Kennedy@yahoo.com,2016-02-11 22:28:36.198600
353,Maria Smith,Maria_Smith@yahoo.com,2016-02-11 22:28:36.198600
354,William Stewart,William_Stewart@yahoo.com,2020-02-11 22:28:36.198600
355,Gayle Gallegos,Gayle_Gallegos@yahoo.com,2021-02-11 22:28:36.198600
356,Clara Steele,Clara_Steele@yahoo.com,2018-02-11 22:28:36.198600
357,Elizabeth Cloutier,Elizabeth_Cloutier@yahoo.com,2015-02-11 22:28:36.198600
358,Justin Barry,Justin_Barry@yahoo.com,2015-02-11 22:28:36.198600
359,Jay Alvarado,Jay_Alvarado@yahoo.com,2019-02-11 22:28:36.198600
360,Eva Piller,Eva_Piller@yahoo.com,2018-02-11 22:28:36.198600
361,Curtis Azim,Curtis_Azim@yahoo.com,2018-02-11 22:28:36.198600
362,Warner Saul,Warner_Saul@yahoo.com,2016-02-11 22:28:36.198600
363,Lan Fischer,Lan_Fischer@yahoo.com,2014-02-11 22:28:36.198600
364,Emmett Cincotta,Emmett_Cincotta@yahoo.com,2014-02-11 22:28:36.198600
365,Gladys Harper,Gladys_Harper@yahoo.com,2017-02-11 22:28:36.198600
366,Lynda Mullins,Lynda_Mullins@yahoo.com,2012-02-11 22:28:36.198600
367,Charlotte Elmore,Charlotte_Elmore@yahoo.com,2020-02-11 22:28:36.198600
368,Charles Schellermann,Charles_Schellermann@yahoo.com,2017-02-11 22:28:36.198600
369,Arla Dudley,Arla_Dudley@yahoo.com,2019-02-11 22:28:36.198600
370,Eugene Ourada,Eugene_Ourada@yahoo.com,2019-02-11 22:28:36.198600
371,Thelma Reed,Thelma_Reed@yahoo.com,2014-02-11 22:28:36.199600
372,Stanley Chapman,Stanley_Chapman@yahoo.com,2015-02-11 22:28:36.199600
373,Michael Sanders,Michael_Sanders@yahoo.com,2021-02-11 22:28:36.199600
374,Harry Larios,Harry_Larios@yahoo.com,2015-02-11 22:28:36.199600
375,Clifford Gaston,Clifford_Gaston@yahoo.com,2017-02-11 22:28:36.199600
376,Jo Poole,Jo_Poole@yahoo.com,2019-02-11 22:28:36.199600
377,Buddy Peterson,Buddy_Peterson@yahoo.com,2019-02-11 22:28:36.199600
378,Charles Sullivan,Charles_Sullivan@yahoo.com,2021-02-11 22:28:36.199600
379,George Culp,George_Culp@yahoo.com,2017-02-11 22:28:36.199600
380,Annemarie Dowling,Annemarie_Dowling@yahoo.com,2017-02-11 22:28:36.199600
381,Faustino Davis,Faustino_Davis@yahoo.com,2020-02-11 22:28:36.199600
382,Tara Larkin,Tara_Larkin@yahoo.com,2016-02-11 22:28:36.199600
383,Andrew Groves,Andrew_Groves@yahoo.com,2021-02-11 22:28:36.199600
384,Perry Robinson,Perry_Robinson@yahoo.com,2015-02-11 22:28:36.199600
385,Rayford Wilson,Rayford_Wilson@yahoo.com,2018-02-11 22:28:36.199600
386,Candelaria Pittman,Candelaria_Pittman@yahoo.com,2019-02-11 22:28:36.199600
387,Elizabeth Monsivais,Elizabeth_Monsivais@yahoo.com,2019-02-11 22:28:36.199600
388,Rebecca Henry,Rebecca_Henry@yahoo.com,2016-02-11 22:28:36.199600
389,Donna Hughes,Donna_Hughes@yahoo.com,2016-02-11 22:28:36.199600
390,Clayton Dehoyos,Clayton_Dehoyos@yahoo.com,2013-02-11 22:28:36.199600
391,James Faulds,James_Faulds@yahoo.com,2012-02-11 22:28:36.199600
392,Rodney Dutton,Rodney_Dutton@yahoo.com,2016-02-11 22:28:36.199600
393,Stephanie Kruger,Stephanie_Kruger@yahoo.com,2015-02-11 22:28:36.199600
394,Rocky Caton,Rocky_Caton@yahoo.com,2014-02-11 22:28:36.199600
395,Stewart Kinsinger,Stewart_Kinsinger@yahoo.com,2016-02-11 22:28:36.199600
396,Helen Spaulding,Helen_Spaulding@yahoo.com,2021-02-11 22:28:36.199600
397,Myrtle Herr,Myrtle_Herr@yahoo.com,2011-02-11 22:28:36.199600
398,Martina Gulley,Martina_Gulley@yahoo.com,2014-02-11 22:28:36.199600
399,Maritza Dacey,Maritza_Dacey@yahoo.com,2019-02-11 22:28:36.199600
400,Ellen Roberts,Ellen_Roberts@yahoo.com,2013-02-11 22:28:36.199600
401,Lois Reece,Lois_Reece@yahoo.com,2017-02-11 22:28:36.199600
402,Dorothy Eagan,Dorothy_Eagan@yahoo.com,2020-02-11 22:28:36.199600
403,Kelly Nelson,Kelly_Nelson@yahoo.com,2011-02-11 22:28:36.199600
404,Melanie Watts,Melanie_Watts@yahoo.com,2013-02-11 22:28:36.199600
405,Robert Robertson,Robert_Robertson@yahoo.com,2019-02-11 22:28:36.199600
406,Salvador Dittman,Salvador_Dittman@yahoo.com,2015-02-11 22:28:36.199600
407,Joseph Barreras,Joseph_Barreras@yahoo.com,2019-02-11 22:28:36.199600
408,Wilburn Simien,Wilburn_Simien@yahoo.com,2011-02-11 22:28:36.199600
409,Nellie Paine,Nellie_Paine@yahoo.com,2018-02-11 22:28:36.199600
410,Williemae Sowder,Williemae_Sowder@yahoo.com,2021-02-11 22:28:36.199600
411,Evelyn Lehman,Evelyn_Lehman@yahoo.com,2014-02-11 22:28:36.199600
412,Geraldine Lord,Geraldine_Lord@yahoo.com,2013-02-11 22:28:36.199600
413,Fred Quintanilla,Fred_Quintanilla@yahoo.com,2021-02-11 22:28:36.199600
414,Sabrina Grubb,Sabrina_Grubb@yahoo.com,2017-02-11 22:28:36.199600
415,James Morris,James_Morris@yahoo.com,2016-02-11 22:28:36.199600
416,Tammy Avila,Tammy_Avila@yahoo.com,2021-02-11 22:28:36.199600
417,Antonio Bottoms,Antonio_Bottoms@yahoo.com,2011-02-11 22:28:36.199600
418,Edward Andrews,Edward_Andrews@yahoo.com,2015-02-11 22:28:36.199600
419,Phillip Keeler,Phillip_Keeler@yahoo.com,2013-02-11 22:28:36.199600
420,Carol Leversee,Carol_Leversee@yahoo.com,2021-02-11 22:28:36.199600
421,Hazel Goodwin,Hazel_Goodwin@yahoo.com,2011-02-11 22:28:36.199600
422,Joshua Dykstra,Joshua_Dykstra@yahoo.com,2014-02-11 22:28:36.199600
423,Noel Abruzzino,Noel_Abruzzino@yahoo.com,2019-02-11 22:28:36.199600
424,Michael Moore,Michael_Moore@yahoo.com,2021-02-11 22:28:36.199600
425,Leta Hope,Leta_Hope@yahoo.com,2011-02-11 22:28:36.199600
426,Melony Woods,Melony_Woods@yahoo.com,2011-02-11 22:28:36.199600
427,Patricia Valdez,Patricia_Valdez@yahoo.com,2017-02-11 22:28:36.199600
428,Alta Lizaola,Alta_Lizaola@yahoo.com,2011-02-11 22:28:36.199600
429,Claudette Cooper,Claudette_Cooper@yahoo.com,2013-02-11 22:28:36.199600
430,John Harvey,John_Harvey@yahoo.com,2019-02-11 22:28:36.200600
431,Ann Reed,Ann_Reed@yahoo.com,2012-02-11 22:28:36.200600
432,Monserrate Dunn,Monserrate_Dunn@yahoo.com,2016-02-11 22:28:36.200600
433,Raymond Martin,Raymond_Martin@yahoo.com,2017-02-11 22:28:36.200600
434,Herman Allen,Herman_Allen@yahoo.com,2014-02-11 22:28:36.200600
435,Vita Ciocca,Vita_Ciocca@yahoo.com,2017-02-11 22:28:36.200600
436,Lucille Mccaffrey,Lucille_Mccaffrey@yahoo.com,2012-02-11 22:28:36.200600
437,Alberto Milburn,Alberto_Milburn@yahoo.com,2020-02-11 22:28:36.200600
438,Lauretta Miles,Lauretta_Miles@yahoo.com,2021-02-11 22:28:36.200600
439,Jerry Hamilton,Jerry_Hamilton@yahoo.com,2013-02-11 22:28:36.200600
440,Joseph Fortner,Joseph_Fortner@yahoo.com,2020-02-11 22:28:36.200600
441,Raymond Anderson,Raymond_Anderson@yahoo.com,2015-02-11 22:28:36.200600
442,Clara Gonzales,Clara_Gonzales@yahoo.com,2019-02-11 22:28:36.200600
443,Barbara Rifenbark,Barbara_Rifenbark@yahoo.com,2019-02-11 22:28:36.200600
444,Timothy Ulrich,Timothy_Ulrich@yahoo.com,2011-02-11 22:28:36.200600
445,Paul Krantz,Paul_Krantz@yahoo.com,2017-02-11 22:28:36.200600
446,Evelyn Wiley,Evelyn_Wiley@yahoo.com,2011-02-11 22:28:36.200600
447,Caroline Rogers,Caroline_Rogers@yahoo.com,2020-02-11 22:28:36.200600
448,Stephanie Anderson,Stephanie_Anderson@yahoo.com,2020-02-11 22:28:36.200600
449,Ralph Mccarty,Ralph_Mccarty@yahoo.com,2019-02-11 22:28:36.200600
